platform,community_name,country,city,community_url,post_url,post_title,post_date,post_likes,post_comments,comment_text,comment_date,comment_likes,comment_id
instagram,Demo Riyadh Wellness Hub,SA,Riyadh,https://demo.example/instagram/0,https://demo.example/instagram/0/post0,(demo) 5 tips for better sleep,2026-05-04T00:00:00,2303,22,اصحى بالليل اكثر من مره وما ارجع انام,2026-05-21T02:00:00,5,demo-0
instagram,Demo Riyadh Wellness Hub,SA,Riyadh,https://demo.example/instagram/0,https://demo.example/instagram/0/post0,(demo) 5 tips for better sleep,2026-05-04T00:00:00,2303,22,اصحى بالليل اكثر من مره وما ارجع انام,2026-05-10T07:00:00,5,demo-1
instagram,Demo Riyadh Wellness Hub,SA,Riyadh,https://demo.example/instagram/0,https://demo.example/instagram/0/post0,(demo) 5 tips for better sleep,2026-05-04T00:00:00,2303,22,جربت الميلاتونين وما نفعني ابد,2026-05-24T22:00:00,5,demo-2
instagram,Demo Riyadh Wellness Hub,SA,Riyadh,https://demo.example/instagram/0,https://demo.example/instagram/0/post0,(demo) 5 tips for better sleep,2026-05-04T00:00:00,2303,22,magnesium before bed helped me sleep so much better,2026-05-04T05:00:00,12,demo-3
instagram,Demo Riyadh Wellness Hub,SA,Riyadh,https://demo.example/instagram/0,https://demo.example/instagram/0/post0,(demo) 5 tips for better sleep,2026-05-04T00:00:00,2303,22,"Can't sleep since I started night shifts, any advice?",2026-05-10T10:00:00,0,demo-4
instagram,Demo Riyadh Wellness Hub,SA,Riyadh,https://demo.example/instagram/0,https://demo.example/instagram/0/post0,(demo) 5 tips for better sleep,2026-05-04T00:00:00,2303,22,النوم عندي خربان من رمضان، شلون ارجعه؟,2026-05-15T19:00:00,1,demo-5
instagram,Demo Riyadh Wellness Hub,SA,Riyadh,https://demo.example/instagram/0,https://demo.example/instagram/0/post0,(demo) 5 tips for better sleep,2026-05-04T00:00:00,2303,22,عايزة اعرف ازاي ارجع طاقتي زي زمان؟ تعبت خالص,2026-05-07T12:00:00,0,demo-6
instagram,Demo Riyadh Wellness Hub,SA,Riyadh,https://demo.example/instagram/0,https://demo.example/instagram/0/post0,(demo) 5 tips for better sleep,2026-05-04T00:00:00,2303,22,النوم عندي خربان من رمضان، شلون ارجعه؟,2026-05-22T06:00:00,12,demo-7
instagram,Demo Riyadh Wellness Hub,SA,Riyadh,https://demo.example/instagram/0,https://demo.example/instagram/0/post0,(demo) 5 tips for better sleep,2026-05-04T00:00:00,2303,22,جربت الميلاتونين وما نفعني ابد,2026-05-13T02:00:00,0,demo-8
instagram,Demo Riyadh Wellness Hub,SA,Riyadh,https://demo.example/instagram/0,https://demo.example/instagram/0/post0,(demo) 5 tips for better sleep,2026-05-04T00:00:00,2303,22,الارق ذابحني والدوام يبدا 7 الصبح,2026-05-24T11:00:00,0,demo-9
instagram,Demo Riyadh Wellness Hub,SA,Riyadh,https://demo.example/instagram/0,https://demo.example/instagram/0/post0,(demo) 5 tips for better sleep,2026-05-04T00:00:00,2303,22,magnesium before bed helped me sleep so much better,2026-05-24T02:00:00,5,demo-10
instagram,Demo Riyadh Wellness Hub,SA,Riyadh,https://demo.example/instagram/0,https://demo.example/instagram/0/post0,(demo) 5 tips for better sleep,2026-05-04T00:00:00,2303,22,جربت الميلاتونين وما نفعني ابد,2026-05-09T14:00:00,2,demo-11
instagram,Demo Riyadh Wellness Hub,SA,Riyadh,https://demo.example/instagram/0,https://demo.example/instagram/0/post0,(demo) 5 tips for better sleep,2026-05-04T00:00:00,2303,22,love this,2026-05-11T21:00:00,1,demo-12
instagram,Demo Riyadh Wellness Hub,SA,Riyadh,https://demo.example/instagram/0,https://demo.example/instagram/0/post0,(demo) 5 tips for better sleep,2026-05-04T00:00:00,2303,22,ما اقدر انام قبل الساعه 3 الفجر، كيف اعدل نومي؟,2026-05-14T12:00:00,1,demo-13
instagram,Demo Riyadh Wellness Hub,SA,Riyadh,https://demo.example/instagram/0,https://demo.example/instagram/0/post0,(demo) 5 tips for better sleep,2026-05-04T00:00:00,2303,22,النوم عندي خربان من رمضان، شلون ارجعه؟,2026-05-10T20:00:00,2,demo-14
instagram,Demo Riyadh Wellness Hub,SA,Riyadh,https://demo.example/instagram/0,https://demo.example/instagram/0/post0,(demo) 5 tips for better sleep,2026-05-04T00:00:00,2303,22,الله يعطيك العافيه,2026-05-08T08:00:00,0,demo-15
instagram,Demo Riyadh Wellness Hub,SA,Riyadh,https://demo.example/instagram/0,https://demo.example/instagram/0/post0,(demo) 5 tips for better sleep,2026-05-04T00:00:00,2303,22,magnesium before bed helped me sleep so much better,2026-05-22T13:00:00,5,demo-16
instagram,Demo Riyadh Wellness Hub,SA,Riyadh,https://demo.example/instagram/0,https://demo.example/instagram/0/post0,(demo) 5 tips for better sleep,2026-05-04T00:00:00,2303,22,"Can't sleep since I started night shifts, any advice?",2026-05-20T15:00:00,0,demo-17
instagram,Demo Riyadh Wellness Hub,SA,Riyadh,https://demo.example/instagram/0,https://demo.example/instagram/0/post0,(demo) 5 tips for better sleep,2026-05-04T00:00:00,2303,22,🔥🔥🔥,2026-05-24T05:00:00,12,demo-18
instagram,Demo Riyadh Wellness Hub,SA,Riyadh,https://demo.example/instagram/0,https://demo.example/instagram/0/post0,(demo) 5 tips for better sleep,2026-05-04T00:00:00,2303,22,probiotics helped me with bloating honestly,2026-05-16T19:00:00,2,demo-19
instagram,Demo Riyadh Wellness Hub,SA,Riyadh,https://demo.example/instagram/0,https://demo.example/instagram/0/post0,(demo) 5 tips for better sleep,2026-05-04T00:00:00,2303,22,ما اقدر انام قبل الساعه 3 الفجر، كيف اعدل نومي؟,2026-05-07T21:00:00,5,demo-20
instagram,Demo Riyadh Wellness Hub,SA,Riyadh,https://demo.example/instagram/0,https://demo.example/instagram/0/post0,(demo) 5 tips for better sleep,2026-05-04T00:00:00,2303,22,للطلب تواصل واتساب [phone],2026-05-07T09:00:00,2,demo-21
instagram,Demo Riyadh Wellness Hub,SA,Riyadh,https://demo.example/instagram/0,https://demo.example/instagram/0/post1,(demo) Gut health basics,2026-06-28T00:00:00,76,45,@user @user,2026-07-14T05:00:00,5,demo-22
instagram,Demo Riyadh Wellness Hub,SA,Riyadh,https://demo.example/instagram/0,https://demo.example/instagram/0/post1,(demo) Gut health basics,2026-06-28T00:00:00,76,45,@user @user,2026-07-18T16:00:00,5,demo-23
instagram,Demo Riyadh Wellness Hub,SA,Riyadh,https://demo.example/instagram/0,https://demo.example/instagram/0/post1,(demo) Gut health basics,2026-06-28T00:00:00,76,45,"bloated after every meal, is it normal?",2026-07-15T16:00:00,0,demo-24
instagram,Demo Riyadh Wellness Hub,SA,Riyadh,https://demo.example/instagram/0,https://demo.example/instagram/0/post1,(demo) Gut health basics,2026-06-28T00:00:00,76,45,انتفاخ كل يوم بعد الاكل، وش السبب؟,2026-07-01T11:00:00,1,demo-25
instagram,Demo Riyadh Wellness Hub,SA,Riyadh,https://demo.example/instagram/0,https://demo.example/instagram/0/post1,(demo) Gut health basics,2026-06-28T00:00:00,76,45,القولون العصبي تعبني، تعرفون دكتور زين في الرياض؟,2026-06-30T23:00:00,2,demo-26
instagram,Demo Riyadh Wellness Hub,SA,Riyadh,https://demo.example/instagram/0,https://demo.example/instagram/0/post1,(demo) Gut health basics,2026-06-28T00:00:00,76,45,love this,2026-07-02T04:00:00,12,demo-27
instagram,Demo Riyadh Wellness Hub,SA,Riyadh,https://demo.example/instagram/0,https://demo.example/instagram/0/post1,(demo) Gut health basics,2026-06-28T00:00:00,76,45,🔥🔥🔥,2026-07-06T16:00:00,5,demo-28
instagram,Demo Riyadh Wellness Hub,SA,Riyadh,https://demo.example/instagram/0,https://demo.example/instagram/0/post1,(demo) Gut health basics,2026-06-28T00:00:00,76,45,love this,2026-07-04T22:00:00,1,demo-29
instagram,Demo Riyadh Wellness Hub,SA,Riyadh,https://demo.example/instagram/0,https://demo.example/instagram/0/post1,(demo) Gut health basics,2026-06-28T00:00:00,76,45,للطلب تواصل واتساب [phone],2026-07-12T16:00:00,2,demo-30
instagram,Demo Riyadh Wellness Hub,SA,Riyadh,https://demo.example/instagram/0,https://demo.example/instagram/0/post1,(demo) Gut health basics,2026-06-28T00:00:00,76,45,القولون العصبي تعبني، تعرفون دكتور زين في الرياض؟,2026-07-08T00:00:00,5,demo-31
instagram,Demo Riyadh Wellness Hub,SA,Riyadh,https://demo.example/instagram/0,https://demo.example/instagram/0/post1,(demo) Gut health basics,2026-06-28T00:00:00,76,45,حموضه وارتجاع من فتره، ايش الاكل اللي يساعد؟,2026-06-28T02:00:00,12,demo-32
instagram,Demo Riyadh Wellness Hub,SA,Riyadh,https://demo.example/instagram/0,https://demo.example/instagram/0/post1,(demo) Gut health basics,2026-06-28T00:00:00,76,45,القولون العصبي تعبني، تعرفون دكتور زين في الرياض؟,2026-06-29T10:00:00,0,demo-33
instagram,Demo Riyadh Wellness Hub,SA,Riyadh,https://demo.example/instagram/0,https://demo.example/instagram/0/post1,(demo) Gut health basics,2026-06-28T00:00:00,76,45,امساك مستمر وجربت كل شي,2026-07-04T17:00:00,0,demo-34
instagram,Demo Riyadh Wellness Hub,SA,Riyadh,https://demo.example/instagram/0,https://demo.example/instagram/0/post1,(demo) Gut health basics,2026-06-28T00:00:00,76,45,مشكوره حبيبتي,2026-07-16T15:00:00,0,demo-35
instagram,Demo Riyadh Wellness Hub,SA,Riyadh,https://demo.example/instagram/0,https://demo.example/instagram/0/post1,(demo) Gut health basics,2026-06-28T00:00:00,76,45,great video!,2026-07-01T03:00:00,12,demo-36
instagram,Demo Riyadh Wellness Hub,SA,Riyadh,https://demo.example/instagram/0,https://demo.example/instagram/0/post1,(demo) Gut health basics,2026-06-28T00:00:00,76,45,probiotics helped me with bloating honestly,2026-07-12T23:00:00,0,demo-37
instagram,Demo Riyadh Wellness Hub,SA,Riyadh,https://demo.example/instagram/0,https://demo.example/instagram/0/post1,(demo) Gut health basics,2026-06-28T00:00:00,76,45,how do I build a healthy routine with long working hours?,2026-07-01T01:00:00,2,demo-38
instagram,Demo Riyadh Wellness Hub,SA,Riyadh,https://demo.example/instagram/0,https://demo.example/instagram/0/post1,(demo) Gut health basics,2026-06-28T00:00:00,76,45,القولون العصبي تعبني، تعرفون دكتور زين في الرياض؟,2026-07-05T06:00:00,0,demo-39
instagram,Demo Riyadh Wellness Hub,SA,Riyadh,https://demo.example/instagram/0,https://demo.example/instagram/0/post1,(demo) Gut health basics,2026-06-28T00:00:00,76,45,probiotics helped me with bloating honestly,2026-07-03T08:00:00,2,demo-40
instagram,Demo Riyadh Wellness Hub,SA,Riyadh,https://demo.example/instagram/0,https://demo.example/instagram/0/post1,(demo) Gut health basics,2026-06-28T00:00:00,76,45,شكرا على المعلومات,2026-07-12T17:00:00,0,demo-41
instagram,Demo Riyadh Wellness Hub,SA,Riyadh,https://demo.example/instagram/0,https://demo.example/instagram/0/post1,(demo) Gut health basics,2026-06-28T00:00:00,76,45,عايزة اعرف ازاي ارجع طاقتي زي زمان؟ تعبت خالص,2026-06-28T02:00:00,0,demo-42
instagram,Demo Riyadh Wellness Hub,SA,Riyadh,https://demo.example/instagram/0,https://demo.example/instagram/0/post1,(demo) Gut health basics,2026-06-28T00:00:00,76,45,امساك مستمر وجربت كل شي,2026-07-04T12:00:00,0,demo-43
instagram,Demo Riyadh Wellness Hub,SA,Riyadh,https://demo.example/instagram/0,https://demo.example/instagram/0/post1,(demo) Gut health basics,2026-06-28T00:00:00,76,45,probiotics helped me with bloating honestly,2026-07-06T14:00:00,1,demo-44
instagram,Demo Riyadh Wellness Hub,SA,Riyadh,https://demo.example/instagram/0,https://demo.example/instagram/0/post1,(demo) Gut health basics,2026-06-28T00:00:00,76,45,امساك مستمر وجربت كل شي,2026-07-02T06:00:00,1,demo-45
instagram,Demo Riyadh Wellness Hub,SA,Riyadh,https://demo.example/instagram/0,https://demo.example/instagram/0/post1,(demo) Gut health basics,2026-06-28T00:00:00,76,45,مشكوره حبيبتي,2026-07-15T01:00:00,12,demo-46
instagram,Demo Riyadh Wellness Hub,SA,Riyadh,https://demo.example/instagram/0,https://demo.example/instagram/0/post1,(demo) Gut health basics,2026-06-28T00:00:00,76,45,امساك مستمر وجربت كل شي,2026-07-14T16:00:00,0,demo-47
instagram,Demo Riyadh Wellness Hub,SA,Riyadh,https://demo.example/instagram/0,https://demo.example/instagram/0/post1,(demo) Gut health basics,2026-06-28T00:00:00,76,45,شكرا على المعلومات,2026-07-03T02:00:00,5,demo-48
instagram,Demo Riyadh Wellness Hub,SA,Riyadh,https://demo.example/instagram/0,https://demo.example/instagram/0/post1,(demo) Gut health basics,2026-06-28T00:00:00,76,45,I'm exhausted every morning even after 8 hours of sleep,2026-07-10T03:00:00,5,demo-49
instagram,Demo Riyadh Wellness Hub,SA,Riyadh,https://demo.example/instagram/0,https://demo.example/instagram/0/post1,(demo) Gut health basics,2026-06-28T00:00:00,76,45,ما اقدر انام قبل الساعه 3 الفجر، كيف اعدل نومي؟,2026-07-17T02:00:00,2,demo-50
instagram,Demo Riyadh Wellness Hub,SA,Riyadh,https://demo.example/instagram/0,https://demo.example/instagram/0/post1,(demo) Gut health basics,2026-06-28T00:00:00,76,45,رجيم الكيتو نفعني بس رجع الوزن,2026-07-08T08:00:00,0,demo-51
instagram,Demo Riyadh Wellness Hub,SA,Riyadh,https://demo.example/instagram/0,https://demo.example/instagram/0/post1,(demo) Gut health basics,2026-06-28T00:00:00,76,45,what's a good diet for more energy?,2026-07-06T12:00:00,0,demo-52
instagram,Demo Riyadh Wellness Hub,SA,Riyadh,https://demo.example/instagram/0,https://demo.example/instagram/0/post1,(demo) Gut health basics,2026-06-28T00:00:00,76,45,walking 10k steps changed my life,2026-07-08T02:00:00,0,demo-53
instagram,Demo Riyadh Wellness Hub,SA,Riyadh,https://demo.example/instagram/0,https://demo.example/instagram/0/post1,(demo) Gut health basics,2026-06-28T00:00:00,76,45,القولون العصبي تعبني، تعرفون دكتور زين في الرياض؟,2026-06-30T17:00:00,0,demo-54
instagram,Demo Riyadh Wellness Hub,SA,Riyadh,https://demo.example/instagram/0,https://demo.example/instagram/0/post1,(demo) Gut health basics,2026-06-28T00:00:00,76,45,القولون عندي يزيد مع التوتر، احد جرب شي نفع؟,2026-06-30T07:00:00,1,demo-55
instagram,Demo Riyadh Wellness Hub,SA,Riyadh,https://demo.example/instagram/0,https://demo.example/instagram/0/post1,(demo) Gut health basics,2026-06-28T00:00:00,76,45,gut health is a mess since I moved to Dubai,2026-07-17T20:00:00,5,demo-56
instagram,Demo Riyadh Wellness Hub,SA,Riyadh,https://demo.example/instagram/0,https://demo.example/instagram/0/post1,(demo) Gut health basics,2026-06-28T00:00:00,76,45,عايزة اعرف ازاي ارجع طاقتي زي زمان؟ تعبت خالص,2026-07-07T21:00:00,0,demo-57
instagram,Demo Riyadh Wellness Hub,SA,Riyadh,https://demo.example/instagram/0,https://demo.example/instagram/0/post1,(demo) Gut health basics,2026-06-28T00:00:00,76,45,القولون العصبي تعبني، تعرفون دكتور زين في الرياض؟,2026-07-15T04:00:00,1,demo-58
instagram,Demo Riyadh Wellness Hub,SA,Riyadh,https://demo.example/instagram/0,https://demo.example/instagram/0/post1,(demo) Gut health basics,2026-06-28T00:00:00,76,45,overthinking every night and anxious about everything,2026-07-04T21:00:00,12,demo-59
instagram,Demo Riyadh Wellness Hub,SA,Riyadh,https://demo.example/instagram/0,https://demo.example/instagram/0/post1,(demo) Gut health basics,2026-06-28T00:00:00,76,45,gut health is a mess since I moved to Dubai,2026-06-29T02:00:00,12,demo-60
instagram,Demo Riyadh Wellness Hub,SA,Riyadh,https://demo.example/instagram/0,https://demo.example/instagram/0/post1,(demo) Gut health basics,2026-06-28T00:00:00,76,45,ماشاء الله تبارك الله 😍,2026-06-28T10:00:00,0,demo-61
instagram,Demo Riyadh Wellness Hub,SA,Riyadh,https://demo.example/instagram/0,https://demo.example/instagram/0/post1,(demo) Gut health basics,2026-06-28T00:00:00,76,45,🔥🔥🔥,2026-07-12T17:00:00,12,demo-62
instagram,Demo Riyadh Wellness Hub,SA,Riyadh,https://demo.example/instagram/0,https://demo.example/instagram/0/post1,(demo) Gut health basics,2026-06-28T00:00:00,76,45,القولون العصبي تعبني، تعرفون دكتور زين في الرياض؟,2026-06-30T22:00:00,0,demo-63
instagram,Demo Riyadh Wellness Hub,SA,Riyadh,https://demo.example/instagram/0,https://demo.example/instagram/0/post1,(demo) Gut health basics,2026-06-28T00:00:00,76,45,القولون عندي يزيد مع التوتر، احد جرب شي نفع؟,2026-07-16T17:00:00,0,demo-64
instagram,Demo Riyadh Wellness Hub,SA,Riyadh,https://demo.example/instagram/0,https://demo.example/instagram/0/post1,(demo) Gut health basics,2026-06-28T00:00:00,76,45,gut health is a mess since I moved to Dubai,2026-07-09T01:00:00,1,demo-65
instagram,Demo Riyadh Wellness Hub,SA,Riyadh,https://demo.example/instagram/0,https://demo.example/instagram/0/post1,(demo) Gut health basics,2026-06-28T00:00:00,76,45,اصحى بالليل اكثر من مره وما ارجع انام,2026-07-09T17:00:00,2,demo-66
instagram,Demo Riyadh Wellness Hub,SA,Riyadh,https://demo.example/instagram/0,https://demo.example/instagram/0/post2,(demo) Gut health basics,2026-05-31T00:00:00,1381,40,ماشاء الله تبارك الله 😍,2026-06-05T23:00:00,1,demo-67
instagram,Demo Riyadh Wellness Hub,SA,Riyadh,https://demo.example/instagram/0,https://demo.example/instagram/0/post2,(demo) Gut health basics,2026-05-31T00:00:00,1381,40,great video!,2026-06-08T05:00:00,12,demo-68
instagram,Demo Riyadh Wellness Hub,SA,Riyadh,https://demo.example/instagram/0,https://demo.example/instagram/0/post2,(demo) Gut health basics,2026-05-31T00:00:00,1381,40,انتفاخ كل يوم بعد الاكل، وش السبب؟,2026-06-15T07:00:00,0,demo-69
instagram,Demo Riyadh Wellness Hub,SA,Riyadh,https://demo.example/instagram/0,https://demo.example/instagram/0/post2,(demo) Gut health basics,2026-05-31T00:00:00,1381,40,حموضه وارتجاع من فتره، ايش الاكل اللي يساعد؟,2026-06-07T00:00:00,12,demo-70
instagram,Demo Riyadh Wellness Hub,SA,Riyadh,https://demo.example/instagram/0,https://demo.example/instagram/0/post2,(demo) Gut health basics,2026-05-31T00:00:00,1381,40,gut health is a mess since I moved to Dubai,2026-06-02T08:00:00,1,demo-71
instagram,Demo Riyadh Wellness Hub,SA,Riyadh,https://demo.example/instagram/0,https://demo.example/instagram/0/post2,(demo) Gut health basics,2026-05-31T00:00:00,1381,40,القولون عندي يزيد مع التوتر، احد جرب شي نفع؟,2026-05-31T03:00:00,1,demo-72
instagram,Demo Riyadh Wellness Hub,SA,Riyadh,https://demo.example/instagram/0,https://demo.example/instagram/0/post2,(demo) Gut health basics,2026-05-31T00:00:00,1381,40,magnesium before bed helped me sleep so much better,2026-06-01T03:00:00,5,demo-73
instagram,Demo Riyadh Wellness Hub,SA,Riyadh,https://demo.example/instagram/0,https://demo.example/instagram/0/post2,(demo) Gut health basics,2026-05-31T00:00:00,1381,40,القولون عندي يزيد مع التوتر، احد جرب شي نفع؟,2026-06-13T19:00:00,5,demo-74
instagram,Demo Riyadh Wellness Hub,SA,Riyadh,https://demo.example/instagram/0,https://demo.example/instagram/0/post2,(demo) Gut health basics,2026-05-31T00:00:00,1381,40,حموضه وارتجاع من فتره، ايش الاكل اللي يساعد؟,2026-06-08T01:00:00,12,demo-75
instagram,Demo Riyadh Wellness Hub,SA,Riyadh,https://demo.example/instagram/0,https://demo.example/instagram/0/post2,(demo) Gut health basics,2026-05-31T00:00:00,1381,40,حموضه وارتجاع من فتره، ايش الاكل اللي يساعد؟,2026-06-11T13:00:00,0,demo-76
instagram,Demo Riyadh Wellness Hub,SA,Riyadh,https://demo.example/instagram/0,https://demo.example/instagram/0/post2,(demo) Gut health basics,2026-05-31T00:00:00,1381,40,مشكوره حبيبتي,2026-06-10T21:00:00,0,demo-77
instagram,Demo Riyadh Wellness Hub,SA,Riyadh,https://demo.example/instagram/0,https://demo.example/instagram/0/post2,(demo) Gut health basics,2026-05-31T00:00:00,1381,40,love this,2026-06-09T21:00:00,2,demo-78
instagram,Demo Riyadh Wellness Hub,SA,Riyadh,https://demo.example/instagram/0,https://demo.example/instagram/0/post2,(demo) Gut health basics,2026-05-31T00:00:00,1381,40,gut health is a mess since I moved to Dubai,2026-06-17T04:00:00,0,demo-79
instagram,Demo Riyadh Wellness Hub,SA,Riyadh,https://demo.example/instagram/0,https://demo.example/instagram/0/post2,(demo) Gut health basics,2026-05-31T00:00:00,1381,40,probiotics helped me with bloating honestly,2026-06-05T19:00:00,5,demo-80
instagram,Demo Riyadh Wellness Hub,SA,Riyadh,https://demo.example/instagram/0,https://demo.example/instagram/0/post2,(demo) Gut health basics,2026-05-31T00:00:00,1381,40,انتفاخ كل يوم بعد الاكل، وش السبب؟,2026-06-09T09:00:00,0,demo-81
instagram,Demo Riyadh Wellness Hub,SA,Riyadh,https://demo.example/instagram/0,https://demo.example/instagram/0/post2,(demo) Gut health basics,2026-05-31T00:00:00,1381,40,مشكوره حبيبتي,2026-06-20T10:00:00,2,demo-82
instagram,Demo Riyadh Wellness Hub,SA,Riyadh,https://demo.example/instagram/0,https://demo.example/instagram/0/post2,(demo) Gut health basics,2026-05-31T00:00:00,1381,40,حموضه وارتجاع من فتره، ايش الاكل اللي يساعد؟,2026-06-16T15:00:00,12,demo-83
instagram,Demo Riyadh Wellness Hub,SA,Riyadh,https://demo.example/instagram/0,https://demo.example/instagram/0/post2,(demo) Gut health basics,2026-05-31T00:00:00,1381,40,magnesium before bed helped me sleep so much better,2026-06-16T21:00:00,12,demo-84
instagram,Demo Riyadh Wellness Hub,SA,Riyadh,https://demo.example/instagram/0,https://demo.example/instagram/0/post2,(demo) Gut health basics,2026-05-31T00:00:00,1381,40,حموضه وارتجاع من فتره، ايش الاكل اللي يساعد؟,2026-06-09T07:00:00,0,demo-85
instagram,Demo Riyadh Wellness Hub,SA,Riyadh,https://demo.example/instagram/0,https://demo.example/instagram/0/post2,(demo) Gut health basics,2026-05-31T00:00:00,1381,40,حموضه وارتجاع من فتره، ايش الاكل اللي يساعد؟,2026-06-15T19:00:00,0,demo-86
instagram,Demo Riyadh Wellness Hub,SA,Riyadh,https://demo.example/instagram/0,https://demo.example/instagram/0/post2,(demo) Gut health basics,2026-05-31T00:00:00,1381,40,حموضه وارتجاع من فتره، ايش الاكل اللي يساعد؟,2026-06-12T15:00:00,2,demo-87
instagram,Demo Riyadh Wellness Hub,SA,Riyadh,https://demo.example/instagram/0,https://demo.example/instagram/0/post2,(demo) Gut health basics,2026-05-31T00:00:00,1381,40,انتفاخ كل يوم بعد الاكل، وش السبب؟,2026-06-03T13:00:00,0,demo-88
instagram,Demo Riyadh Wellness Hub,SA,Riyadh,https://demo.example/instagram/0,https://demo.example/instagram/0/post2,(demo) Gut health basics,2026-05-31T00:00:00,1381,40,love this,2026-06-14T01:00:00,5,demo-89
instagram,Demo Riyadh Wellness Hub,SA,Riyadh,https://demo.example/instagram/0,https://demo.example/instagram/0/post2,(demo) Gut health basics,2026-05-31T00:00:00,1381,40,شكرا على المعلومات,2026-06-14T04:00:00,2,demo-90
instagram,Demo Riyadh Wellness Hub,SA,Riyadh,https://demo.example/instagram/0,https://demo.example/instagram/0/post2,(demo) Gut health basics,2026-05-31T00:00:00,1381,40,القولون عندي يزيد مع التوتر، احد جرب شي نفع؟,2026-06-14T19:00:00,12,demo-91
instagram,Demo Riyadh Wellness Hub,SA,Riyadh,https://demo.example/instagram/0,https://demo.example/instagram/0/post2,(demo) Gut health basics,2026-05-31T00:00:00,1381,40,امساك مستمر وجربت كل شي,2026-06-05T23:00:00,2,demo-92
instagram,Demo Riyadh Wellness Hub,SA,Riyadh,https://demo.example/instagram/0,https://demo.example/instagram/0/post2,(demo) Gut health basics,2026-05-31T00:00:00,1381,40,حموضه وارتجاع من فتره، ايش الاكل اللي يساعد؟,2026-06-20T08:00:00,5,demo-93
instagram,Demo Riyadh Wellness Hub,SA,Riyadh,https://demo.example/instagram/0,https://demo.example/instagram/0/post2,(demo) Gut health basics,2026-05-31T00:00:00,1381,40,gut health is a mess since I moved to Dubai,2026-06-14T02:00:00,12,demo-94
instagram,Demo Riyadh Wellness Hub,SA,Riyadh,https://demo.example/instagram/0,https://demo.example/instagram/0/post2,(demo) Gut health basics,2026-05-31T00:00:00,1381,40,القولون عندي يزيد مع التوتر، احد جرب شي نفع؟,2026-06-10T17:00:00,0,demo-95
instagram,Demo Riyadh Wellness Hub,SA,Riyadh,https://demo.example/instagram/0,https://demo.example/instagram/0/post2,(demo) Gut health basics,2026-05-31T00:00:00,1381,40,probiotics helped me with bloating honestly,2026-06-04T22:00:00,0,demo-96
instagram,Demo Riyadh Wellness Hub,SA,Riyadh,https://demo.example/instagram/0,https://demo.example/instagram/0/post2,(demo) Gut health basics,2026-05-31T00:00:00,1381,40,القولون عندي يزيد مع التوتر، احد جرب شي نفع؟,2026-06-17T14:00:00,2,demo-97
instagram,Demo Riyadh Wellness Hub,SA,Riyadh,https://demo.example/instagram/0,https://demo.example/instagram/0/post2,(demo) Gut health basics,2026-05-31T00:00:00,1381,40,probiotics helped me with bloating honestly,2026-06-12T18:00:00,12,demo-98
instagram,Demo Riyadh Wellness Hub,SA,Riyadh,https://demo.example/instagram/0,https://demo.example/instagram/0/post2,(demo) Gut health basics,2026-05-31T00:00:00,1381,40,مشكوره حبيبتي,2026-06-12T15:00:00,0,demo-99
instagram,Demo Riyadh Wellness Hub,SA,Riyadh,https://demo.example/instagram/0,https://demo.example/instagram/0/post2,(demo) Gut health basics,2026-05-31T00:00:00,1381,40,probiotics helped me with bloating honestly,2026-06-13T17:00:00,12,demo-100
instagram,Demo Riyadh Wellness Hub,SA,Riyadh,https://demo.example/instagram/0,https://demo.example/instagram/0/post2,(demo) Gut health basics,2026-05-31T00:00:00,1381,40,حموضه وارتجاع من فتره، ايش الاكل اللي يساعد؟,2026-06-15T07:00:00,1,demo-101
instagram,Demo Riyadh Wellness Hub,SA,Riyadh,https://demo.example/instagram/0,https://demo.example/instagram/0/post2,(demo) Gut health basics,2026-05-31T00:00:00,1381,40,probiotics helped me with bloating honestly,2026-06-10T21:00:00,12,demo-102
instagram,Demo Riyadh Wellness Hub,SA,Riyadh,https://demo.example/instagram/0,https://demo.example/instagram/0/post2,(demo) Gut health basics,2026-05-31T00:00:00,1381,40,امساك مستمر وجربت كل شي,2026-06-04T19:00:00,5,demo-103
instagram,Demo Riyadh Wellness Hub,SA,Riyadh,https://demo.example/instagram/0,https://demo.example/instagram/0/post2,(demo) Gut health basics,2026-05-31T00:00:00,1381,40,مشكوره حبيبتي,2026-06-18T21:00:00,0,demo-104
instagram,Demo Riyadh Wellness Hub,SA,Riyadh,https://demo.example/instagram/0,https://demo.example/instagram/0/post2,(demo) Gut health basics,2026-05-31T00:00:00,1381,40,طاقتي تنزل بعد الغدا على طول، احد عنده نفس المشكله؟,2026-06-14T05:00:00,0,demo-105
instagram,Demo Riyadh Wellness Hub,SA,Riyadh,https://demo.example/instagram/0,https://demo.example/instagram/0/post2,(demo) Gut health basics,2026-05-31T00:00:00,1381,40,حموضه وارتجاع من فتره، ايش الاكل اللي يساعد؟,2026-06-14T10:00:00,1,demo-106
instagram,Demo Riyadh Wellness Hub,SA,Riyadh,https://demo.example/instagram/0,https://demo.example/instagram/0/post3,(demo) Gut health basics,2026-06-05T00:00:00,3503,23,انتفاخ كل يوم بعد الاكل، وش السبب؟,2026-06-16T07:00:00,12,demo-107
instagram,Demo Riyadh Wellness Hub,SA,Riyadh,https://demo.example/instagram/0,https://demo.example/instagram/0/post3,(demo) Gut health basics,2026-06-05T00:00:00,3503,23,ماشاء الله تبارك الله 😍,2026-06-05T07:00:00,0,demo-108
instagram,Demo Riyadh Wellness Hub,SA,Riyadh,https://demo.example/instagram/0,https://demo.example/instagram/0/post3,(demo) Gut health basics,2026-06-05T00:00:00,3503,23,I'm exhausted every morning even after 8 hours of sleep,2026-06-09T15:00:00,12,demo-109
instagram,Demo Riyadh Wellness Hub,SA,Riyadh,https://demo.example/instagram/0,https://demo.example/instagram/0/post3,(demo) Gut health basics,2026-06-05T00:00:00,3503,23,I'm exhausted every morning even after 8 hours of sleep,2026-06-19T22:00:00,1,demo-110
instagram,Demo Riyadh Wellness Hub,SA,Riyadh,https://demo.example/instagram/0,https://demo.example/instagram/0/post3,(demo) Gut health basics,2026-06-05T00:00:00,3503,23,القولون العصبي تعبني، تعرفون دكتور زين في الرياض؟,2026-06-10T09:00:00,0,demo-111
instagram,Demo Riyadh Wellness Hub,SA,Riyadh,https://demo.example/instagram/0,https://demo.example/instagram/0/post3,(demo) Gut health basics,2026-06-05T00:00:00,3503,23,gut health is a mess since I moved to Dubai,2026-06-23T21:00:00,2,demo-112
instagram,Demo Riyadh Wellness Hub,SA,Riyadh,https://demo.example/instagram/0,https://demo.example/instagram/0/post3,(demo) Gut health basics,2026-06-05T00:00:00,3503,23,great video!,2026-06-07T18:00:00,12,demo-113
instagram,Demo Riyadh Wellness Hub,SA,Riyadh,https://demo.example/instagram/0,https://demo.example/instagram/0/post3,(demo) Gut health basics,2026-06-05T00:00:00,3503,23,gut health is a mess since I moved to Dubai,2026-06-24T03:00:00,5,demo-114
instagram,Demo Riyadh Wellness Hub,SA,Riyadh,https://demo.example/instagram/0,https://demo.example/instagram/0/post3,(demo) Gut health basics,2026-06-05T00:00:00,3503,23,probiotics helped me with bloating honestly,2026-06-16T02:00:00,5,demo-115
instagram,Demo Riyadh Wellness Hub,SA,Riyadh,https://demo.example/instagram/0,https://demo.example/instagram/0/post3,(demo) Gut health basics,2026-06-05T00:00:00,3503,23,probiotics helped me with bloating honestly,2026-06-20T03:00:00,2,demo-116
instagram,Demo Riyadh Wellness Hub,SA,Riyadh,https://demo.example/instagram/0,https://demo.example/instagram/0/post3,(demo) Gut health basics,2026-06-05T00:00:00,3503,23,"burnout from long hours, what helped you?",2026-06-09T13:00:00,0,demo-117
instagram,Demo Riyadh Wellness Hub,SA,Riyadh,https://demo.example/instagram/0,https://demo.example/instagram/0/post3,(demo) Gut health basics,2026-06-05T00:00:00,3503,23,gut health is a mess since I moved to Dubai,2026-06-24T17:00:00,2,demo-118
instagram,Demo Riyadh Wellness Hub,SA,Riyadh,https://demo.example/instagram/0,https://demo.example/instagram/0/post3,(demo) Gut health basics,2026-06-05T00:00:00,3503,23,gut health is a mess since I moved to Dubai,2026-06-15T07:00:00,0,demo-119
instagram,Demo Riyadh Wellness Hub,SA,Riyadh,https://demo.example/instagram/0,https://demo.example/instagram/0/post3,(demo) Gut health basics,2026-06-05T00:00:00,3503,23,great video!,2026-06-19T18:00:00,5,demo-120
instagram,Demo Riyadh Wellness Hub,SA,Riyadh,https://demo.example/instagram/0,https://demo.example/instagram/0/post3,(demo) Gut health basics,2026-06-05T00:00:00,3503,23,انتفاخ كل يوم بعد الاكل، وش السبب؟,2026-06-20T10:00:00,0,demo-121
instagram,Demo Riyadh Wellness Hub,SA,Riyadh,https://demo.example/instagram/0,https://demo.example/instagram/0/post3,(demo) Gut health basics,2026-06-05T00:00:00,3503,23,gut health is a mess since I moved to Dubai,2026-06-15T08:00:00,5,demo-122
instagram,Demo Riyadh Wellness Hub,SA,Riyadh,https://demo.example/instagram/0,https://demo.example/instagram/0/post3,(demo) Gut health basics,2026-06-05T00:00:00,3503,23,love this,2026-06-05T16:00:00,0,demo-123
instagram,Demo Riyadh Wellness Hub,SA,Riyadh,https://demo.example/instagram/0,https://demo.example/instagram/0/post3,(demo) Gut health basics,2026-06-05T00:00:00,3503,23,probiotics helped me with bloating honestly,2026-06-20T17:00:00,0,demo-124
instagram,Demo Riyadh Wellness Hub,SA,Riyadh,https://demo.example/instagram/0,https://demo.example/instagram/0/post3,(demo) Gut health basics,2026-06-05T00:00:00,3503,23,امساك مستمر وجربت كل شي,2026-06-19T00:00:00,0,demo-125
instagram,Demo Riyadh Wellness Hub,SA,Riyadh,https://demo.example/instagram/0,https://demo.example/instagram/0/post3,(demo) Gut health basics,2026-06-05T00:00:00,3503,23,حموضه وارتجاع من فتره، ايش الاكل اللي يساعد؟,2026-06-14T21:00:00,5,demo-126
instagram,Demo Riyadh Wellness Hub,SA,Riyadh,https://demo.example/instagram/0,https://demo.example/instagram/0/post3,(demo) Gut health basics,2026-06-05T00:00:00,3503,23,القولون عندي يزيد مع التوتر، احد جرب شي نفع؟,2026-06-18T23:00:00,5,demo-127
instagram,Demo Riyadh Wellness Hub,SA,Riyadh,https://demo.example/instagram/0,https://demo.example/instagram/0/post3,(demo) Gut health basics,2026-06-05T00:00:00,3503,23,امساك مستمر وجربت كل شي,2026-06-13T09:00:00,1,demo-128
instagram,Demo Riyadh Wellness Hub,SA,Riyadh,https://demo.example/instagram/0,https://demo.example/instagram/0/post3,(demo) Gut health basics,2026-06-05T00:00:00,3503,23,حموضه وارتجاع من فتره، ايش الاكل اللي يساعد؟,2026-06-15T03:00:00,12,demo-129
tiktok,Demo Jeddah Fitness Talk,SA,Jeddah,https://demo.example/tiktok/1,https://demo.example/tiktok/1/post0,(demo) Gut health basics,2026-05-25T00:00:00,1822,38,gut health is a mess since I moved to Dubai,2026-05-28T06:00:00,1,demo-130
tiktok,Demo Jeddah Fitness Talk,SA,Jeddah,https://demo.example/tiktok/1,https://demo.example/tiktok/1/post0,(demo) Gut health basics,2026-05-25T00:00:00,1822,38,gut health is a mess since I moved to Dubai,2026-05-25T22:00:00,5,demo-131
tiktok,Demo Jeddah Fitness Talk,SA,Jeddah,https://demo.example/tiktok/1,https://demo.example/tiktok/1/post0,(demo) Gut health basics,2026-05-25T00:00:00,1822,38,انتفاخ كل يوم بعد الاكل، وش السبب؟,2026-06-11T09:00:00,12,demo-132
tiktok,Demo Jeddah Fitness Talk,SA,Jeddah,https://demo.example/tiktok/1,https://demo.example/tiktok/1/post0,(demo) Gut health basics,2026-05-25T00:00:00,1822,38,الارق ذابحني والدوام يبدا 7 الصبح,2026-05-28T00:00:00,5,demo-133
tiktok,Demo Jeddah Fitness Talk,SA,Jeddah,https://demo.example/tiktok/1,https://demo.example/tiktok/1/post0,(demo) Gut health basics,2026-05-25T00:00:00,1822,38,امساك مستمر وجربت كل شي,2026-06-04T05:00:00,0,demo-134
tiktok,Demo Jeddah Fitness Talk,SA,Jeddah,https://demo.example/tiktok/1,https://demo.example/tiktok/1/post0,(demo) Gut health basics,2026-05-25T00:00:00,1822,38,الله يعطيك العافيه,2026-05-28T02:00:00,2,demo-135
tiktok,Demo Jeddah Fitness Talk,SA,Jeddah,https://demo.example/tiktok/1,https://demo.example/tiktok/1/post0,(demo) Gut health basics,2026-05-25T00:00:00,1822,38,انتفاخ كل يوم بعد الاكل، وش السبب؟,2026-05-29T04:00:00,5,demo-136
tiktok,Demo Jeddah Fitness Talk,SA,Jeddah,https://demo.example/tiktok/1,https://demo.example/tiktok/1/post0,(demo) Gut health basics,2026-05-25T00:00:00,1822,38,حموضه وارتجاع من فتره، ايش الاكل اللي يساعد؟,2026-05-28T17:00:00,2,demo-137
tiktok,Demo Jeddah Fitness Talk,SA,Jeddah,https://demo.example/tiktok/1,https://demo.example/tiktok/1/post0,(demo) Gut health basics,2026-05-25T00:00:00,1822,38,"migraines every week, tried everything",2026-06-01T16:00:00,2,demo-138
tiktok,Demo Jeddah Fitness Talk,SA,Jeddah,https://demo.example/tiktok/1,https://demo.example/tiktok/1/post0,(demo) Gut health basics,2026-05-25T00:00:00,1822,38,@user @user,2026-06-12T13:00:00,1,demo-139
tiktok,Demo Jeddah Fitness Talk,SA,Jeddah,https://demo.example/tiktok/1,https://demo.example/tiktok/1/post0,(demo) Gut health basics,2026-05-25T00:00:00,1822,38,"migraines every week, tried everything",2026-05-28T06:00:00,12,demo-140
tiktok,Demo Jeddah Fitness Talk,SA,Jeddah,https://demo.example/tiktok/1,https://demo.example/tiktok/1/post0,(demo) Gut health basics,2026-05-25T00:00:00,1822,38,القولون العصبي تعبني، تعرفون دكتور زين في الرياض؟,2026-05-30T07:00:00,0,demo-141
tiktok,Demo Jeddah Fitness Talk,SA,Jeddah,https://demo.example/tiktok/1,https://demo.example/tiktok/1/post0,(demo) Gut health basics,2026-05-25T00:00:00,1822,38,انتفاخ كل يوم بعد الاكل، وش السبب؟,2026-06-07T14:00:00,12,demo-142
tiktok,Demo Jeddah Fitness Talk,SA,Jeddah,https://demo.example/tiktok/1,https://demo.example/tiktok/1/post0,(demo) Gut health basics,2026-05-25T00:00:00,1822,38,انتفاخ كل يوم بعد الاكل، وش السبب؟,2026-06-01T09:00:00,12,demo-143
tiktok,Demo Jeddah Fitness Talk,SA,Jeddah,https://demo.example/tiktok/1,https://demo.example/tiktok/1/post0,(demo) Gut health basics,2026-05-25T00:00:00,1822,38,"burnout from long hours, what helped you?",2026-05-27T21:00:00,0,demo-144
tiktok,Demo Jeddah Fitness Talk,SA,Jeddah,https://demo.example/tiktok/1,https://demo.example/tiktok/1/post0,(demo) Gut health basics,2026-05-25T00:00:00,1822,38,مشكوره حبيبتي,2026-05-31T13:00:00,0,demo-145
tiktok,Demo Jeddah Fitness Talk,SA,Jeddah,https://demo.example/tiktok/1,https://demo.example/tiktok/1/post0,(demo) Gut health basics,2026-05-25T00:00:00,1822,38,"bloated after every meal, is it normal?",2026-06-02T04:00:00,0,demo-146
tiktok,Demo Jeddah Fitness Talk,SA,Jeddah,https://demo.example/tiktok/1,https://demo.example/tiktok/1/post0,(demo) Gut health basics,2026-05-25T00:00:00,1822,38,gut health is a mess since I moved to Dubai,2026-06-13T23:00:00,5,demo-147
tiktok,Demo Jeddah Fitness Talk,SA,Jeddah,https://demo.example/tiktok/1,https://demo.example/tiktok/1/post0,(demo) Gut health basics,2026-05-25T00:00:00,1822,38,امساك مستمر وجربت كل شي,2026-06-03T22:00:00,2,demo-148
tiktok,Demo Jeddah Fitness Talk,SA,Jeddah,https://demo.example/tiktok/1,https://demo.example/tiktok/1/post0,(demo) Gut health basics,2026-05-25T00:00:00,1822,38,امساك مستمر وجربت كل شي,2026-06-08T02:00:00,5,demo-149
tiktok,Demo Jeddah Fitness Talk,SA,Jeddah,https://demo.example/tiktok/1,https://demo.example/tiktok/1/post0,(demo) Gut health basics,2026-05-25T00:00:00,1822,38,للطلب تواصل واتساب [phone],2026-06-13T08:00:00,0,demo-150
tiktok,Demo Jeddah Fitness Talk,SA,Jeddah,https://demo.example/tiktok/1,https://demo.example/tiktok/1/post0,(demo) Gut health basics,2026-05-25T00:00:00,1822,38,انتفاخ كل يوم بعد الاكل، وش السبب؟,2026-06-02T18:00:00,0,demo-151
tiktok,Demo Jeddah Fitness Talk,SA,Jeddah,https://demo.example/tiktok/1,https://demo.example/tiktok/1/post0,(demo) Gut health basics,2026-05-25T00:00:00,1822,38,امساك مستمر وجربت كل شي,2026-06-02T05:00:00,5,demo-152
tiktok,Demo Jeddah Fitness Talk,SA,Jeddah,https://demo.example/tiktok/1,https://demo.example/tiktok/1/post0,(demo) Gut health basics,2026-05-25T00:00:00,1822,38,امساك مستمر وجربت كل شي,2026-05-27T15:00:00,1,demo-153
tiktok,Demo Jeddah Fitness Talk,SA,Jeddah,https://demo.example/tiktok/1,https://demo.example/tiktok/1/post0,(demo) Gut health basics,2026-05-25T00:00:00,1822,38,القولون العصبي تعبني، تعرفون دكتور زين في الرياض؟,2026-05-30T10:00:00,2,demo-154
tiktok,Demo Jeddah Fitness Talk,SA,Jeddah,https://demo.example/tiktok/1,https://demo.example/tiktok/1/post0,(demo) Gut health basics,2026-05-25T00:00:00,1822,38,probiotics helped me with bloating honestly,2026-06-11T01:00:00,2,demo-155
tiktok,Demo Jeddah Fitness Talk,SA,Jeddah,https://demo.example/tiktok/1,https://demo.example/tiktok/1/post0,(demo) Gut health basics,2026-05-25T00:00:00,1822,38,القولون عندي يزيد مع التوتر، احد جرب شي نفع؟,2026-05-28T12:00:00,5,demo-156
tiktok,Demo Jeddah Fitness Talk,SA,Jeddah,https://demo.example/tiktok/1,https://demo.example/tiktok/1/post0,(demo) Gut health basics,2026-05-25T00:00:00,1822,38,عايزة اعرف ازاي ارجع طاقتي زي زمان؟ تعبت خالص,2026-06-08T13:00:00,0,demo-157
tiktok,Demo Jeddah Fitness Talk,SA,Jeddah,https://demo.example/tiktok/1,https://demo.example/tiktok/1/post0,(demo) Gut health basics,2026-05-25T00:00:00,1822,38,امساك مستمر وجربت كل شي,2026-06-14T14:00:00,0,demo-158
tiktok,Demo Jeddah Fitness Talk,SA,Jeddah,https://demo.example/tiktok/1,https://demo.example/tiktok/1/post0,(demo) Gut health basics,2026-05-25T00:00:00,1822,38,"bloated after every meal, is it normal?",2026-06-03T14:00:00,12,demo-159
tiktok,Demo Jeddah Fitness Talk,SA,Jeddah,https://demo.example/tiktok/1,https://demo.example/tiktok/1/post0,(demo) Gut health basics,2026-05-25T00:00:00,1822,38,حموضه وارتجاع من فتره، ايش الاكل اللي يساعد؟,2026-05-30T09:00:00,5,demo-160
tiktok,Demo Jeddah Fitness Talk,SA,Jeddah,https://demo.example/tiktok/1,https://demo.example/tiktok/1/post0,(demo) Gut health basics,2026-05-25T00:00:00,1822,38,اصحى من النوم وانا مرهق كأني ما نمت، ليش؟,2026-06-01T03:00:00,2,demo-161
tiktok,Demo Jeddah Fitness Talk,SA,Jeddah,https://demo.example/tiktok/1,https://demo.example/tiktok/1/post0,(demo) Gut health basics,2026-05-25T00:00:00,1822,38,طاقتي تنزل بعد الغدا على طول، احد عنده نفس المشكله؟,2026-06-09T22:00:00,1,demo-162
tiktok,Demo Jeddah Fitness Talk,SA,Jeddah,https://demo.example/tiktok/1,https://demo.example/tiktok/1/post0,(demo) Gut health basics,2026-05-25T00:00:00,1822,38,صداع يومي بعد الدوام، هل له علاقه بالشاشه؟,2026-06-09T15:00:00,0,demo-163
tiktok,Demo Jeddah Fitness Talk,SA,Jeddah,https://demo.example/tiktok/1,https://demo.example/tiktok/1/post0,(demo) Gut health basics,2026-05-25T00:00:00,1822,38,probiotics helped me with bloating honestly,2026-05-31T19:00:00,5,demo-164
tiktok,Demo Jeddah Fitness Talk,SA,Jeddah,https://demo.example/tiktok/1,https://demo.example/tiktok/1/post0,(demo) Gut health basics,2026-05-25T00:00:00,1822,38,شكرا على المعلومات,2026-06-02T13:00:00,1,demo-165
tiktok,Demo Jeddah Fitness Talk,SA,Jeddah,https://demo.example/tiktok/1,https://demo.example/tiktok/1/post0,(demo) Gut health basics,2026-05-25T00:00:00,1822,38,انتفاخ كل يوم بعد الاكل، وش السبب؟,2026-06-03T23:00:00,1,demo-166
tiktok,Demo Jeddah Fitness Talk,SA,Jeddah,https://demo.example/tiktok/1,https://demo.example/tiktok/1/post0,(demo) Gut health basics,2026-05-25T00:00:00,1822,38,شد عضلي في الرقبه والكتف من الجوال,2026-06-09T04:00:00,2,demo-167
tiktok,Demo Jeddah Fitness Talk,SA,Jeddah,https://demo.example/tiktok/1,https://demo.example/tiktok/1/post1,(demo) Healthy habits for busy people,2026-07-01T00:00:00,2877,25,follow me for more,2026-07-15T10:00:00,0,demo-168
tiktok,Demo Jeddah Fitness Talk,SA,Jeddah,https://demo.example/tiktok/1,https://demo.example/tiktok/1/post1,(demo) Healthy habits for busy people,2026-07-01T00:00:00,2877,25,walking 10k steps changed my life,2026-07-08T13:00:00,0,demo-169
tiktok,Demo Jeddah Fitness Talk,SA,Jeddah,https://demo.example/tiktok/1,https://demo.example/tiktok/1/post1,(demo) Healthy habits for busy people,2026-07-01T00:00:00,2877,25,القلق والتفكير الزايد يمنعني انام,2026-07-13T21:00:00,12,demo-170
tiktok,Demo Jeddah Fitness Talk,SA,Jeddah,https://demo.example/tiktok/1,https://demo.example/tiktok/1/post1,(demo) Healthy habits for busy people,2026-07-01T00:00:00,2877,25,ابي انزل وزن بس ما عندي وقت للجيم، وش تنصحون؟,2026-07-05T16:00:00,5,demo-171
tiktok,Demo Jeddah Fitness Talk,SA,Jeddah,https://demo.example/tiktok/1,https://demo.example/tiktok/1/post1,(demo) Healthy habits for busy people,2026-07-01T00:00:00,2877,25,الله يعطيك العافيه,2026-07-04T16:00:00,2,demo-172
tiktok,Demo Jeddah Fitness Talk,SA,Jeddah,https://demo.example/tiktok/1,https://demo.example/tiktok/1/post1,(demo) Healthy habits for busy people,2026-07-01T00:00:00,2877,25,خمول طول اليوم وما عندي طاقه للرياضه,2026-07-21T04:00:00,0,demo-173
tiktok,Demo Jeddah Fitness Talk,SA,Jeddah,https://demo.example/tiktok/1,https://demo.example/tiktok/1/post1,(demo) Healthy habits for busy people,2026-07-01T00:00:00,2877,25,@user @user,2026-07-11T19:00:00,12,demo-174
tiktok,Demo Jeddah Fitness Talk,SA,Jeddah,https://demo.example/tiktok/1,https://demo.example/tiktok/1/post1,(demo) Healthy habits for busy people,2026-07-01T00:00:00,2877,25,القولون عندي يزيد مع التوتر، احد جرب شي نفع؟,2026-07-18T12:00:00,1,demo-175
tiktok,Demo Jeddah Fitness Talk,SA,Jeddah,https://demo.example/tiktok/1,https://demo.example/tiktok/1/post1,(demo) Healthy habits for busy people,2026-07-01T00:00:00,2877,25,في الصيام طاقتي تنزل مره وش السبب؟,2026-07-16T17:00:00,0,demo-176
tiktok,Demo Jeddah Fitness Talk,SA,Jeddah,https://demo.example/tiktok/1,https://demo.example/tiktok/1/post1,(demo) Healthy habits for busy people,2026-07-01T00:00:00,2877,25,how do I build a healthy routine with long working hours?,2026-07-10T07:00:00,12,demo-177
tiktok,Demo Jeddah Fitness Talk,SA,Jeddah,https://demo.example/tiktok/1,https://demo.example/tiktok/1/post1,(demo) Healthy habits for busy people,2026-07-01T00:00:00,2877,25,ابي انزل وزن بس ما عندي وقت للجيم، وش تنصحون؟,2026-07-21T22:00:00,0,demo-178
tiktok,Demo Jeddah Fitness Talk,SA,Jeddah,https://demo.example/tiktok/1,https://demo.example/tiktok/1/post1,(demo) Healthy habits for busy people,2026-07-01T00:00:00,2877,25,نقص فيتامين د منتشر عندنا، كم لازم اطلع للشمس؟,2026-07-01T01:00:00,1,demo-179
tiktok,Demo Jeddah Fitness Talk,SA,Jeddah,https://demo.example/tiktok/1,https://demo.example/tiktok/1/post1,(demo) Healthy habits for busy people,2026-07-01T00:00:00,2877,25,نقص فيتامين د منتشر عندنا، كم لازم اطلع للشمس؟,2026-07-14T04:00:00,0,demo-180
tiktok,Demo Jeddah Fitness Talk,SA,Jeddah,https://demo.example/tiktok/1,https://demo.example/tiktok/1/post1,(demo) Healthy habits for busy people,2026-07-01T00:00:00,2877,25,how do I build a healthy routine with long working hours?,2026-07-06T05:00:00,0,demo-181
tiktok,Demo Jeddah Fitness Talk,SA,Jeddah,https://demo.example/tiktok/1,https://demo.example/tiktok/1/post1,(demo) Healthy habits for busy people,2026-07-01T00:00:00,2877,25,خمول طول اليوم وما عندي طاقه للرياضه,2026-07-20T21:00:00,0,demo-182
tiktok,Demo Jeddah Fitness Talk,SA,Jeddah,https://demo.example/tiktok/1,https://demo.example/tiktok/1/post1,(demo) Healthy habits for busy people,2026-07-01T00:00:00,2877,25,🔥🔥🔥,2026-07-08T14:00:00,12,demo-183
tiktok,Demo Jeddah Fitness Talk,SA,Jeddah,https://demo.example/tiktok/1,https://demo.example/tiktok/1/post1,(demo) Healthy habits for busy people,2026-07-01T00:00:00,2877,25,how do I build a healthy routine with long working hours?,2026-07-01T14:00:00,1,demo-184
tiktok,Demo Jeddah Fitness Talk,SA,Jeddah,https://demo.example/tiktok/1,https://demo.example/tiktok/1/post1,(demo) Healthy habits for busy people,2026-07-01T00:00:00,2877,25,ابي انزل وزن بس ما عندي وقت للجيم، وش تنصحون؟,2026-07-15T11:00:00,5,demo-185
tiktok,Demo Jeddah Fitness Talk,SA,Jeddah,https://demo.example/tiktok/1,https://demo.example/tiktok/1/post1,(demo) Healthy habits for busy people,2026-07-01T00:00:00,2877,25,القلق والتفكير الزايد يمنعني انام,2026-07-09T14:00:00,1,demo-186
tiktok,Demo Jeddah Fitness Talk,SA,Jeddah,https://demo.example/tiktok/1,https://demo.example/tiktok/1/post1,(demo) Healthy habits for busy people,2026-07-01T00:00:00,2877,25,الله يعطيك العافيه,2026-07-04T07:00:00,2,demo-187
tiktok,Demo Jeddah Fitness Talk,SA,Jeddah,https://demo.example/tiktok/1,https://demo.example/tiktok/1/post1,(demo) Healthy habits for busy people,2026-07-01T00:00:00,2877,25,نقص فيتامين د منتشر عندنا، كم لازم اطلع للشمس؟,2026-07-10T00:00:00,12,demo-188
tiktok,Demo Jeddah Fitness Talk,SA,Jeddah,https://demo.example/tiktok/1,https://demo.example/tiktok/1/post1,(demo) Healthy habits for busy people,2026-07-01T00:00:00,2877,25,رجيم الكيتو نفعني بس رجع الوزن,2026-07-02T19:00:00,12,demo-189
tiktok,Demo Jeddah Fitness Talk,SA,Jeddah,https://demo.example/tiktok/1,https://demo.example/tiktok/1/post1,(demo) Healthy habits for busy people,2026-07-01T00:00:00,2877,25,@user @user,2026-07-08T19:00:00,1,demo-190
tiktok,Demo Jeddah Fitness Talk,SA,Jeddah,https://demo.example/tiktok/1,https://demo.example/tiktok/1/post1,(demo) Healthy habits for busy people,2026-07-01T00:00:00,2877,25,magnesium before bed helped me sleep so much better,2026-07-05T20:00:00,0,demo-191
tiktok,Demo Jeddah Fitness Talk,SA,Jeddah,https://demo.example/tiktok/1,https://demo.example/tiktok/1/post1,(demo) Healthy habits for busy people,2026-07-01T00:00:00,2877,25,نقص فيتامين د منتشر عندنا، كم لازم اطلع للشمس؟,2026-07-15T01:00:00,5,demo-192
tiktok,Demo Jeddah Fitness Talk,SA,Jeddah,https://demo.example/tiktok/1,https://demo.example/tiktok/1/post2,(demo) Dealing with work stress,2026-08-02T00:00:00,1126,17,القلق والتفكير الزايد يمنعني انام,2026-08-07T06:00:00,0,demo-193
tiktok,Demo Jeddah Fitness Talk,SA,Jeddah,https://demo.example/tiktok/1,https://demo.example/tiktok/1/post2,(demo) Dealing with work stress,2026-08-02T00:00:00,1126,17,للطلب تواصل واتساب [phone],2026-08-18T16:00:00,1,demo-194
tiktok,Demo Jeddah Fitness Talk,SA,Jeddah,https://demo.example/tiktok/1,https://demo.example/tiktok/1/post2,(demo) Dealing with work stress,2026-08-02T00:00:00,1126,17,"burnout from long hours, what helped you?",2026-08-11T23:00:00,1,demo-195
tiktok,Demo Jeddah Fitness Talk,SA,Jeddah,https://demo.example/tiktok/1,https://demo.example/tiktok/1/post2,(demo) Dealing with work stress,2026-08-02T00:00:00,1126,17,"stress at work is killing me, I can't switch off",2026-08-06T07:00:00,12,demo-196
tiktok,Demo Jeddah Fitness Talk,SA,Jeddah,https://demo.example/tiktok/1,https://demo.example/tiktok/1/post2,(demo) Dealing with work stress,2026-08-02T00:00:00,1126,17,walking 10k steps changed my life,2026-08-19T11:00:00,0,demo-197
tiktok,Demo Jeddah Fitness Talk,SA,Jeddah,https://demo.example/tiktok/1,https://demo.example/tiktok/1/post2,(demo) Dealing with work stress,2026-08-02T00:00:00,1126,17,"stress at work is killing me, I can't switch off",2026-08-16T11:00:00,12,demo-198
tiktok,Demo Jeddah Fitness Talk,SA,Jeddah,https://demo.example/tiktok/1,https://demo.example/tiktok/1/post2,(demo) Dealing with work stress,2026-08-02T00:00:00,1126,17,رجيم الكيتو نفعني بس رجع الوزن,2026-08-14T20:00:00,1,demo-199
tiktok,Demo Jeddah Fitness Talk,SA,Jeddah,https://demo.example/tiktok/1,https://demo.example/tiktok/1/post2,(demo) Dealing with work stress,2026-08-02T00:00:00,1126,17,دايما تعبانه حتى لو نمت بدري، هل هذا طبيعي؟,2026-08-02T19:00:00,5,demo-200
tiktok,Demo Jeddah Fitness Talk,SA,Jeddah,https://demo.example/tiktok/1,https://demo.example/tiktok/1/post2,(demo) Dealing with work stress,2026-08-02T00:00:00,1126,17,great video!,2026-08-22T02:00:00,12,demo-201
tiktok,Demo Jeddah Fitness Talk,SA,Jeddah,https://demo.example/tiktok/1,https://demo.example/tiktok/1/post2,(demo) Dealing with work stress,2026-08-02T00:00:00,1126,17,@user @user,2026-08-22T13:00:00,0,demo-202
tiktok,Demo Jeddah Fitness Talk,SA,Jeddah,https://demo.example/tiktok/1,https://demo.example/tiktok/1/post2,(demo) Dealing with work stress,2026-08-02T00:00:00,1126,17,ضغط الشغل مخليني متوتره طول الوقت,2026-08-11T15:00:00,0,demo-203
tiktok,Demo Jeddah Fitness Talk,SA,Jeddah,https://demo.example/tiktok/1,https://demo.example/tiktok/1/post2,(demo) Dealing with work stress,2026-08-02T00:00:00,1126,17,احس اني مضغوط ومستنزف من الدوام، فقدت الشغف,2026-08-14T14:00:00,1,demo-204
tiktok,Demo Jeddah Fitness Talk,SA,Jeddah,https://demo.example/tiktok/1,https://demo.example/tiktok/1/post2,(demo) Dealing with work stress,2026-08-02T00:00:00,1126,17,love this,2026-08-15T18:00:00,12,demo-205
tiktok,Demo Jeddah Fitness Talk,SA,Jeddah,https://demo.example/tiktok/1,https://demo.example/tiktok/1/post2,(demo) Dealing with work stress,2026-08-02T00:00:00,1126,17,القلق والتفكير الزايد يمنعني انام,2026-08-22T03:00:00,2,demo-206
tiktok,Demo Jeddah Fitness Talk,SA,Jeddah,https://demo.example/tiktok/1,https://demo.example/tiktok/1/post2,(demo) Dealing with work stress,2026-08-02T00:00:00,1126,17,كيف اتعامل مع التوتر؟ صار يأثر على نومي,2026-08-03T22:00:00,1,demo-207
tiktok,Demo Jeddah Fitness Talk,SA,Jeddah,https://demo.example/tiktok/1,https://demo.example/tiktok/1/post2,(demo) Dealing with work stress,2026-08-02T00:00:00,1126,17,"totally burned out, no motivation for anything",2026-08-13T03:00:00,12,demo-208
tiktok,Demo Jeddah Fitness Talk,SA,Jeddah,https://demo.example/tiktok/1,https://demo.example/tiktok/1/post2,(demo) Dealing with work stress,2026-08-02T00:00:00,1126,17,overthinking every night and anxious about everything,2026-08-03T12:00:00,1,demo-209
tiktok,Demo Jeddah Fitness Talk,SA,Jeddah,https://demo.example/tiktok/1,https://demo.example/tiktok/1/post3,(demo) Why you feel tired all the time,2026-05-16T00:00:00,3775,17,"low energy for months now, tried vitamins and nothing works",2026-05-16T01:00:00,1,demo-210
tiktok,Demo Jeddah Fitness Talk,SA,Jeddah,https://demo.example/tiktok/1,https://demo.example/tiktok/1/post3,(demo) Why you feel tired all the time,2026-05-16T00:00:00,3775,17,مشكوره حبيبتي,2026-05-22T02:00:00,5,demo-211
tiktok,Demo Jeddah Fitness Talk,SA,Jeddah,https://demo.example/tiktok/1,https://demo.example/tiktok/1/post3,(demo) Why you feel tired all the time,2026-05-16T00:00:00,3775,17,جربت الميلاتونين وما نفعني ابد,2026-05-26T04:00:00,5,demo-212
tiktok,Demo Jeddah Fitness Talk,SA,Jeddah,https://demo.example/tiktok/1,https://demo.example/tiktok/1/post3,(demo) Why you feel tired all the time,2026-05-16T00:00:00,3775,17,طاقتي تنزل بعد الغدا على طول، احد عنده نفس المشكله؟,2026-05-20T17:00:00,1,demo-213
tiktok,Demo Jeddah Fitness Talk,SA,Jeddah,https://demo.example/tiktok/1,https://demo.example/tiktok/1/post3,(demo) Why you feel tired all the time,2026-05-16T00:00:00,3775,17,صار لي سنه تعبانه وما فيني حيل، وش الحل؟,2026-05-20T00:00:00,1,demo-214
tiktok,Demo Jeddah Fitness Talk,SA,Jeddah,https://demo.example/tiktok/1,https://demo.example/tiktok/1/post3,(demo) Why you feel tired all the time,2026-05-16T00:00:00,3775,17,ما اقدر انام قبل الساعه 3 الفجر، كيف اعدل نومي؟,2026-05-21T08:00:00,0,demo-215
tiktok,Demo Jeddah Fitness Talk,SA,Jeddah,https://demo.example/tiktok/1,https://demo.example/tiktok/1/post3,(demo) Why you feel tired all the time,2026-05-16T00:00:00,3775,17,اصحى بالليل اكثر من مره وما ارجع انام,2026-05-18T15:00:00,2,demo-216
tiktok,Demo Jeddah Fitness Talk,SA,Jeddah,https://demo.example/tiktok/1,https://demo.example/tiktok/1/post3,(demo) Why you feel tired all the time,2026-05-16T00:00:00,3775,17,اصحى من النوم وانا مرهق كأني ما نمت، ليش؟,2026-05-30T16:00:00,0,demo-217
tiktok,Demo Jeddah Fitness Talk,SA,Jeddah,https://demo.example/tiktok/1,https://demo.example/tiktok/1/post3,(demo) Why you feel tired all the time,2026-05-16T00:00:00,3775,17,عايزة اعرف ازاي ارجع طاقتي زي زمان؟ تعبت خالص,2026-05-25T14:00:00,12,demo-218
tiktok,Demo Jeddah Fitness Talk,SA,Jeddah,https://demo.example/tiktok/1,https://demo.example/tiktok/1/post3,(demo) Why you feel tired all the time,2026-05-16T00:00:00,3775,17,دايما تعبانه حتى لو نمت بدري، هل هذا طبيعي؟,2026-05-28T13:00:00,12,demo-219
tiktok,Demo Jeddah Fitness Talk,SA,Jeddah,https://demo.example/tiktok/1,https://demo.example/tiktok/1/post3,(demo) Why you feel tired all the time,2026-05-16T00:00:00,3775,17,دايما تعبانه حتى لو نمت بدري، هل هذا طبيعي؟,2026-05-18T02:00:00,1,demo-220
tiktok,Demo Jeddah Fitness Talk,SA,Jeddah,https://demo.example/tiktok/1,https://demo.example/tiktok/1/post3,(demo) Why you feel tired all the time,2026-05-16T00:00:00,3775,17,طاقتي تنزل بعد الغدا على طول، احد عنده نفس المشكله؟,2026-05-24T19:00:00,12,demo-221
tiktok,Demo Jeddah Fitness Talk,SA,Jeddah,https://demo.example/tiktok/1,https://demo.example/tiktok/1/post3,(demo) Why you feel tired all the time,2026-05-16T00:00:00,3775,17,"ana ta3bana wayed mn el dawam, ma fini 7eil",2026-05-28T19:00:00,5,demo-222
tiktok,Demo Jeddah Fitness Talk,SA,Jeddah,https://demo.example/tiktok/1,https://demo.example/tiktok/1/post3,(demo) Why you feel tired all the time,2026-05-16T00:00:00,3775,17,"low energy for months now, tried vitamins and nothing works",2026-05-29T03:00:00,12,demo-223
tiktok,Demo Jeddah Fitness Talk,SA,Jeddah,https://demo.example/tiktok/1,https://demo.example/tiktok/1/post3,(demo) Why you feel tired all the time,2026-05-16T00:00:00,3775,17,love this,2026-05-22T13:00:00,2,demo-224
tiktok,Demo Jeddah Fitness Talk,SA,Jeddah,https://demo.example/tiktok/1,https://demo.example/tiktok/1/post3,(demo) Why you feel tired all the time,2026-05-16T00:00:00,3775,17,دايما تعبانه حتى لو نمت بدري، هل هذا طبيعي؟,2026-05-28T13:00:00,12,demo-225
tiktok,Demo Jeddah Fitness Talk,SA,Jeddah,https://demo.example/tiktok/1,https://demo.example/tiktok/1/post3,(demo) Why you feel tired all the time,2026-05-16T00:00:00,3775,17,"ana ta3bana wayed mn el dawam, ma fini 7eil",2026-05-24T11:00:00,0,demo-226
youtube,Demo Dubai Healthy Living,AE,Dubai,https://demo.example/youtube/2,https://demo.example/youtube/2/post0,(demo) Office posture & back pain,2026-05-09T00:00:00,797,41,الم اسفل الظهر من الجلسه الطويله بالمكتب,2026-05-20T04:00:00,5,demo-227
youtube,Demo Dubai Healthy Living,AE,Dubai,https://demo.example/youtube/2,https://demo.example/youtube/2/post0,(demo) Office posture & back pain,2026-05-09T00:00:00,797,41,عايزة اعرف ازاي ارجع طاقتي زي زمان؟ تعبت خالص,2026-05-26T10:00:00,12,demo-228
youtube,Demo Dubai Healthy Living,AE,Dubai,https://demo.example/youtube/2,https://demo.example/youtube/2/post0,(demo) Office posture & back pain,2026-05-09T00:00:00,797,41,جسمي يوجعني كله وتعبانه، من ايش ممكن؟,2026-05-22T23:00:00,0,demo-229
youtube,Demo Dubai Healthy Living,AE,Dubai,https://demo.example/youtube/2,https://demo.example/youtube/2/post0,(demo) Office posture & back pain,2026-05-09T00:00:00,797,41,overthinking every night and anxious about everything,2026-05-12T18:00:00,5,demo-230
youtube,Demo Dubai Healthy Living,AE,Dubai,https://demo.example/youtube/2,https://demo.example/youtube/2/post0,(demo) Office posture & back pain,2026-05-09T00:00:00,797,41,صداع يومي بعد الدوام، هل له علاقه بالشاشه؟,2026-05-16T03:00:00,1,demo-231
youtube,Demo Dubai Healthy Living,AE,Dubai,https://demo.example/youtube/2,https://demo.example/youtube/2/post0,(demo) Office posture & back pain,2026-05-09T00:00:00,797,41,جسمي يوجعني كله وتعبانه، من ايش ممكن؟,2026-05-17T18:00:00,0,demo-232
youtube,Demo Dubai Healthy Living,AE,Dubai,https://demo.example/youtube/2,https://demo.example/youtube/2/post0,(demo) Office posture & back pain,2026-05-09T00:00:00,797,41,مشكوره حبيبتي,2026-05-28T21:00:00,12,demo-233
youtube,Demo Dubai Healthy Living,AE,Dubai,https://demo.example/youtube/2,https://demo.example/youtube/2/post0,(demo) Office posture & back pain,2026-05-09T00:00:00,797,41,شد عضلي في الرقبه والكتف من الجوال,2026-05-17T00:00:00,0,demo-234
youtube,Demo Dubai Healthy Living,AE,Dubai,https://demo.example/youtube/2,https://demo.example/youtube/2/post0,(demo) Office posture & back pain,2026-05-09T00:00:00,797,41,كيف اتعامل مع التوتر؟ صار يأثر على نومي,2026-05-19T11:00:00,0,demo-235
youtube,Demo Dubai Healthy Living,AE,Dubai,https://demo.example/youtube/2,https://demo.example/youtube/2/post0,(demo) Office posture & back pain,2026-05-09T00:00:00,797,41,مشكوره حبيبتي,2026-05-21T02:00:00,0,demo-236
youtube,Demo Dubai Healthy Living,AE,Dubai,https://demo.example/youtube/2,https://demo.example/youtube/2/post0,(demo) Office posture & back pain,2026-05-09T00:00:00,797,41,ابي انزل وزن بس ما عندي وقت للجيم، وش تنصحون؟,2026-05-11T23:00:00,5,demo-237
youtube,Demo Dubai Healthy Living,AE,Dubai,https://demo.example/youtube/2,https://demo.example/youtube/2/post0,(demo) Office posture & back pain,2026-05-09T00:00:00,797,41,صداع يومي بعد الدوام، هل له علاقه بالشاشه؟,2026-05-19T05:00:00,1,demo-238
youtube,Demo Dubai Healthy Living,AE,Dubai,https://demo.example/youtube/2,https://demo.example/youtube/2/post0,(demo) Office posture & back pain,2026-05-09T00:00:00,797,41,"stress at work is killing me, I can't switch off",2026-05-10T04:00:00,0,demo-239
youtube,Demo Dubai Healthy Living,AE,Dubai,https://demo.example/youtube/2,https://demo.example/youtube/2/post0,(demo) Office posture & back pain,2026-05-09T00:00:00,797,41,الم اسفل الظهر من الجلسه الطويله بالمكتب,2026-05-17T14:00:00,12,demo-240
youtube,Demo Dubai Healthy Living,AE,Dubai,https://demo.example/youtube/2,https://demo.example/youtube/2/post0,(demo) Office posture & back pain,2026-05-09T00:00:00,797,41,صداع يومي بعد الدوام، هل له علاقه بالشاشه؟,2026-05-22T08:00:00,0,demo-241
youtube,Demo Dubai Healthy Living,AE,Dubai,https://demo.example/youtube/2,https://demo.example/youtube/2/post0,(demo) Office posture & back pain,2026-05-09T00:00:00,797,41,صداع يومي بعد الدوام، هل له علاقه بالشاشه؟,2026-05-12T09:00:00,12,demo-242
youtube,Demo Dubai Healthy Living,AE,Dubai,https://demo.example/youtube/2,https://demo.example/youtube/2/post0,(demo) Office posture & back pain,2026-05-09T00:00:00,797,41,رجيم الكيتو نفعني بس رجع الوزن,2026-05-18T01:00:00,0,demo-243
youtube,Demo Dubai Healthy Living,AE,Dubai,https://demo.example/youtube/2,https://demo.example/youtube/2/post0,(demo) Office posture & back pain,2026-05-09T00:00:00,797,41,ماشاء الله تبارك الله 😍,2026-05-09T06:00:00,1,demo-244
youtube,Demo Dubai Healthy Living,AE,Dubai,https://demo.example/youtube/2,https://demo.example/youtube/2/post0,(demo) Office posture & back pain,2026-05-09T00:00:00,797,41,@user @user,2026-05-18T10:00:00,0,demo-245
youtube,Demo Dubai Healthy Living,AE,Dubai,https://demo.example/youtube/2,https://demo.example/youtube/2/post0,(demo) Office posture & back pain,2026-05-09T00:00:00,797,41,صداع يومي بعد الدوام، هل له علاقه بالشاشه؟,2026-05-14T04:00:00,2,demo-246
youtube,Demo Dubai Healthy Living,AE,Dubai,https://demo.example/youtube/2,https://demo.example/youtube/2/post0,(demo) Office posture & back pain,2026-05-09T00:00:00,797,41,"migraines every week, tried everything",2026-05-26T21:00:00,1,demo-247
youtube,Demo Dubai Healthy Living,AE,Dubai,https://demo.example/youtube/2,https://demo.example/youtube/2/post0,(demo) Office posture & back pain,2026-05-09T00:00:00,797,41,شد عضلي في الرقبه والكتف من الجوال,2026-05-10T13:00:00,0,demo-248
youtube,Demo Dubai Healthy Living,AE,Dubai,https://demo.example/youtube/2,https://demo.example/youtube/2/post0,(demo) Office posture & back pain,2026-05-09T00:00:00,797,41,للطلب تواصل واتساب [phone],2026-05-27T13:00:00,5,demo-249
youtube,Demo Dubai Healthy Living,AE,Dubai,https://demo.example/youtube/2,https://demo.example/youtube/2/post0,(demo) Office posture & back pain,2026-05-09T00:00:00,797,41,probiotics helped me with bloating honestly,2026-05-18T03:00:00,2,demo-250
youtube,Demo Dubai Healthy Living,AE,Dubai,https://demo.example/youtube/2,https://demo.example/youtube/2/post0,(demo) Office posture & back pain,2026-05-09T00:00:00,797,41,🔥🔥🔥,2026-05-28T14:00:00,12,demo-251
youtube,Demo Dubai Healthy Living,AE,Dubai,https://demo.example/youtube/2,https://demo.example/youtube/2/post0,(demo) Office posture & back pain,2026-05-09T00:00:00,797,41,جسمي يوجعني كله وتعبانه، من ايش ممكن؟,2026-05-12T07:00:00,2,demo-252
youtube,Demo Dubai Healthy Living,AE,Dubai,https://demo.example/youtube/2,https://demo.example/youtube/2/post0,(demo) Office posture & back pain,2026-05-09T00:00:00,797,41,الم اسفل الظهر من الجلسه الطويله بالمكتب,2026-05-21T09:00:00,12,demo-253
youtube,Demo Dubai Healthy Living,AE,Dubai,https://demo.example/youtube/2,https://demo.example/youtube/2/post0,(demo) Office posture & back pain,2026-05-09T00:00:00,797,41,جسمي يوجعني كله وتعبانه، من ايش ممكن؟,2026-05-14T02:00:00,5,demo-254
youtube,Demo Dubai Healthy Living,AE,Dubai,https://demo.example/youtube/2,https://demo.example/youtube/2/post0,(demo) Office posture & back pain,2026-05-09T00:00:00,797,41,"migraines every week, tried everything",2026-05-15T11:00:00,1,demo-255
youtube,Demo Dubai Healthy Living,AE,Dubai,https://demo.example/youtube/2,https://demo.example/youtube/2/post0,(demo) Office posture & back pain,2026-05-09T00:00:00,797,41,🔥🔥🔥,2026-05-16T03:00:00,0,demo-256
youtube,Demo Dubai Healthy Living,AE,Dubai,https://demo.example/youtube/2,https://demo.example/youtube/2/post0,(demo) Office posture & back pain,2026-05-09T00:00:00,797,41,"migraines every week, tried everything",2026-05-13T20:00:00,0,demo-257
youtube,Demo Dubai Healthy Living,AE,Dubai,https://demo.example/youtube/2,https://demo.example/youtube/2/post0,(demo) Office posture & back pain,2026-05-09T00:00:00,797,41,الله يعطيك العافيه,2026-05-23T18:00:00,5,demo-258
youtube,Demo Dubai Healthy Living,AE,Dubai,https://demo.example/youtube/2,https://demo.example/youtube/2/post0,(demo) Office posture & back pain,2026-05-09T00:00:00,797,41,القولون عندي يزيد مع التوتر، احد جرب شي نفع؟,2026-05-29T10:00:00,0,demo-259
youtube,Demo Dubai Healthy Living,AE,Dubai,https://demo.example/youtube/2,https://demo.example/youtube/2/post0,(demo) Office posture & back pain,2026-05-09T00:00:00,797,41,صداع يومي بعد الدوام، هل له علاقه بالشاشه؟,2026-05-29T09:00:00,1,demo-260
youtube,Demo Dubai Healthy Living,AE,Dubai,https://demo.example/youtube/2,https://demo.example/youtube/2/post0,(demo) Office posture & back pain,2026-05-09T00:00:00,797,41,"migraines every week, tried everything",2026-05-11T09:00:00,2,demo-261
youtube,Demo Dubai Healthy Living,AE,Dubai,https://demo.example/youtube/2,https://demo.example/youtube/2/post0,(demo) Office posture & back pain,2026-05-09T00:00:00,797,41,ركبتي توجعني لما امشي، وش التمارين المناسبه؟,2026-05-18T02:00:00,12,demo-262
youtube,Demo Dubai Healthy Living,AE,Dubai,https://demo.example/youtube/2,https://demo.example/youtube/2/post0,(demo) Office posture & back pain,2026-05-09T00:00:00,797,41,عايزة اعرف ازاي ارجع طاقتي زي زمان؟ تعبت خالص,2026-05-21T14:00:00,5,demo-263
youtube,Demo Dubai Healthy Living,AE,Dubai,https://demo.example/youtube/2,https://demo.example/youtube/2/post0,(demo) Office posture & back pain,2026-05-09T00:00:00,797,41,ماشاء الله تبارك الله 😍,2026-05-23T18:00:00,12,demo-264
youtube,Demo Dubai Healthy Living,AE,Dubai,https://demo.example/youtube/2,https://demo.example/youtube/2/post0,(demo) Office posture & back pain,2026-05-09T00:00:00,797,41,صداع يومي بعد الدوام، هل له علاقه بالشاشه؟,2026-05-25T04:00:00,0,demo-265
youtube,Demo Dubai Healthy Living,AE,Dubai,https://demo.example/youtube/2,https://demo.example/youtube/2/post0,(demo) Office posture & back pain,2026-05-09T00:00:00,797,41,جسمي يوجعني كله وتعبانه، من ايش ممكن؟,2026-05-19T22:00:00,0,demo-266
youtube,Demo Dubai Healthy Living,AE,Dubai,https://demo.example/youtube/2,https://demo.example/youtube/2/post0,(demo) Office posture & back pain,2026-05-09T00:00:00,797,41,الم اسفل الظهر من الجلسه الطويله بالمكتب,2026-05-16T22:00:00,2,demo-267
youtube,Demo Dubai Healthy Living,AE,Dubai,https://demo.example/youtube/2,https://demo.example/youtube/2/post1,(demo) Office posture & back pain,2026-07-07T00:00:00,4332,34,ركبتي توجعني لما امشي، وش التمارين المناسبه؟,2026-07-19T13:00:00,1,demo-268
youtube,Demo Dubai Healthy Living,AE,Dubai,https://demo.example/youtube/2,https://demo.example/youtube/2/post1,(demo) Office posture & back pain,2026-07-07T00:00:00,4332,34,في الصيام طاقتي تنزل مره وش السبب؟,2026-07-27T20:00:00,1,demo-269
youtube,Demo Dubai Healthy Living,AE,Dubai,https://demo.example/youtube/2,https://demo.example/youtube/2/post1,(demo) Office posture & back pain,2026-07-07T00:00:00,4332,34,"migraines every week, tried everything",2026-07-19T09:00:00,1,demo-270
youtube,Demo Dubai Healthy Living,AE,Dubai,https://demo.example/youtube/2,https://demo.example/youtube/2/post1,(demo) Office posture & back pain,2026-07-07T00:00:00,4332,34,مشكوره حبيبتي,2026-07-11T10:00:00,0,demo-271
youtube,Demo Dubai Healthy Living,AE,Dubai,https://demo.example/youtube/2,https://demo.example/youtube/2/post1,(demo) Office posture & back pain,2026-07-07T00:00:00,4332,34,ركبتي توجعني لما امشي، وش التمارين المناسبه؟,2026-07-16T20:00:00,12,demo-272
youtube,Demo Dubai Healthy Living,AE,Dubai,https://demo.example/youtube/2,https://demo.example/youtube/2/post1,(demo) Office posture & back pain,2026-07-07T00:00:00,4332,34,"migraines every week, tried everything",2026-07-09T09:00:00,5,demo-273
youtube,Demo Dubai Healthy Living,AE,Dubai,https://demo.example/youtube/2,https://demo.example/youtube/2/post1,(demo) Office posture & back pain,2026-07-07T00:00:00,4332,34,القولون عندي يزيد مع التوتر، احد جرب شي نفع؟,2026-07-11T21:00:00,12,demo-274
youtube,Demo Dubai Healthy Living,AE,Dubai,https://demo.example/youtube/2,https://demo.example/youtube/2/post1,(demo) Office posture & back pain,2026-07-07T00:00:00,4332,34,love this,2026-07-09T20:00:00,12,demo-275
youtube,Demo Dubai Healthy Living,AE,Dubai,https://demo.example/youtube/2,https://demo.example/youtube/2/post1,(demo) Office posture & back pain,2026-07-07T00:00:00,4332,34,الم اسفل الظهر من الجلسه الطويله بالمكتب,2026-07-18T09:00:00,0,demo-276
youtube,Demo Dubai Healthy Living,AE,Dubai,https://demo.example/youtube/2,https://demo.example/youtube/2/post1,(demo) Office posture & back pain,2026-07-07T00:00:00,4332,34,جسمي يوجعني كله وتعبانه، من ايش ممكن؟,2026-07-22T06:00:00,0,demo-277
youtube,Demo Dubai Healthy Living,AE,Dubai,https://demo.example/youtube/2,https://demo.example/youtube/2/post1,(demo) Office posture & back pain,2026-07-07T00:00:00,4332,34,ركبتي توجعني لما امشي، وش التمارين المناسبه؟,2026-07-10T16:00:00,5,demo-278
youtube,Demo Dubai Healthy Living,AE,Dubai,https://demo.example/youtube/2,https://demo.example/youtube/2/post1,(demo) Office posture & back pain,2026-07-07T00:00:00,4332,34,ماشاء الله تبارك الله 😍,2026-07-17T19:00:00,0,demo-279
youtube,Demo Dubai Healthy Living,AE,Dubai,https://demo.example/youtube/2,https://demo.example/youtube/2/post1,(demo) Office posture & back pain,2026-07-07T00:00:00,4332,34,"lower back pain every morning, any physio recommendations in Dubai?",2026-07-12T22:00:00,5,demo-280
youtube,Demo Dubai Healthy Living,AE,Dubai,https://demo.example/youtube/2,https://demo.example/youtube/2/post1,(demo) Office posture & back pain,2026-07-07T00:00:00,4332,34,ما اقدر انام قبل الساعه 3 الفجر، كيف اعدل نومي؟,2026-07-20T11:00:00,12,demo-281
youtube,Demo Dubai Healthy Living,AE,Dubai,https://demo.example/youtube/2,https://demo.example/youtube/2/post1,(demo) Office posture & back pain,2026-07-07T00:00:00,4332,34,صداع يومي بعد الدوام، هل له علاقه بالشاشه؟,2026-07-26T09:00:00,12,demo-282
youtube,Demo Dubai Healthy Living,AE,Dubai,https://demo.example/youtube/2,https://demo.example/youtube/2/post1,(demo) Office posture & back pain,2026-07-07T00:00:00,4332,34,"lower back pain every morning, any physio recommendations in Dubai?",2026-07-16T15:00:00,0,demo-283
youtube,Demo Dubai Healthy Living,AE,Dubai,https://demo.example/youtube/2,https://demo.example/youtube/2/post1,(demo) Office posture & back pain,2026-07-07T00:00:00,4332,34,"burnout from long hours, what helped you?",2026-07-21T09:00:00,2,demo-284
youtube,Demo Dubai Healthy Living,AE,Dubai,https://demo.example/youtube/2,https://demo.example/youtube/2/post1,(demo) Office posture & back pain,2026-07-07T00:00:00,4332,34,"lower back pain every morning, any physio recommendations in Dubai?",2026-07-13T19:00:00,0,demo-285
youtube,Demo Dubai Healthy Living,AE,Dubai,https://demo.example/youtube/2,https://demo.example/youtube/2/post1,(demo) Office posture & back pain,2026-07-07T00:00:00,4332,34,صداع يومي بعد الدوام، هل له علاقه بالشاشه؟,2026-07-18T17:00:00,0,demo-286
youtube,Demo Dubai Healthy Living,AE,Dubai,https://demo.example/youtube/2,https://demo.example/youtube/2/post1,(demo) Office posture & back pain,2026-07-07T00:00:00,4332,34,شكرا على المعلومات,2026-07-16T02:00:00,0,demo-287
youtube,Demo Dubai Healthy Living,AE,Dubai,https://demo.example/youtube/2,https://demo.example/youtube/2/post1,(demo) Office posture & back pain,2026-07-07T00:00:00,4332,34,"migraines every week, tried everything",2026-07-11T13:00:00,0,demo-288
youtube,Demo Dubai Healthy Living,AE,Dubai,https://demo.example/youtube/2,https://demo.example/youtube/2/post1,(demo) Office posture & back pain,2026-07-07T00:00:00,4332,34,للطلب تواصل واتساب [phone],2026-07-07T13:00:00,0,demo-289
youtube,Demo Dubai Healthy Living,AE,Dubai,https://demo.example/youtube/2,https://demo.example/youtube/2/post1,(demo) Office posture & back pain,2026-07-07T00:00:00,4332,34,"lower back pain every morning, any physio recommendations in Dubai?",2026-07-19T02:00:00,1,demo-290
youtube,Demo Dubai Healthy Living,AE,Dubai,https://demo.example/youtube/2,https://demo.example/youtube/2/post1,(demo) Office posture & back pain,2026-07-07T00:00:00,4332,34,الم اسفل الظهر من الجلسه الطويله بالمكتب,2026-07-27T10:00:00,0,demo-291
youtube,Demo Dubai Healthy Living,AE,Dubai,https://demo.example/youtube/2,https://demo.example/youtube/2/post1,(demo) Office posture & back pain,2026-07-07T00:00:00,4332,34,جسمي يوجعني كله وتعبانه، من ايش ممكن؟,2026-07-22T22:00:00,0,demo-292
youtube,Demo Dubai Healthy Living,AE,Dubai,https://demo.example/youtube/2,https://demo.example/youtube/2/post1,(demo) Office posture & back pain,2026-07-07T00:00:00,4332,34,"migraines every week, tried everything",2026-07-07T02:00:00,0,demo-293
youtube,Demo Dubai Healthy Living,AE,Dubai,https://demo.example/youtube/2,https://demo.example/youtube/2/post1,(demo) Office posture & back pain,2026-07-07T00:00:00,4332,34,"lower back pain every morning, any physio recommendations in Dubai?",2026-07-24T23:00:00,5,demo-294
youtube,Demo Dubai Healthy Living,AE,Dubai,https://demo.example/youtube/2,https://demo.example/youtube/2/post1,(demo) Office posture & back pain,2026-07-07T00:00:00,4332,34,جسمي يوجعني كله وتعبانه، من ايش ممكن؟,2026-07-16T07:00:00,1,demo-295
youtube,Demo Dubai Healthy Living,AE,Dubai,https://demo.example/youtube/2,https://demo.example/youtube/2/post1,(demo) Office posture & back pain,2026-07-07T00:00:00,4332,34,صداع يومي بعد الدوام، هل له علاقه بالشاشه؟,2026-07-27T19:00:00,2,demo-296
youtube,Demo Dubai Healthy Living,AE,Dubai,https://demo.example/youtube/2,https://demo.example/youtube/2/post1,(demo) Office posture & back pain,2026-07-07T00:00:00,4332,34,صداع يومي بعد الدوام، هل له علاقه بالشاشه؟,2026-07-26T17:00:00,0,demo-297
youtube,Demo Dubai Healthy Living,AE,Dubai,https://demo.example/youtube/2,https://demo.example/youtube/2/post1,(demo) Office posture & back pain,2026-07-07T00:00:00,4332,34,"lower back pain every morning, any physio recommendations in Dubai?",2026-07-11T09:00:00,2,demo-298
youtube,Demo Dubai Healthy Living,AE,Dubai,https://demo.example/youtube/2,https://demo.example/youtube/2/post1,(demo) Office posture & back pain,2026-07-07T00:00:00,4332,34,I'm exhausted every morning even after 8 hours of sleep,2026-07-25T13:00:00,0,demo-299
youtube,Demo Dubai Healthy Living,AE,Dubai,https://demo.example/youtube/2,https://demo.example/youtube/2/post1,(demo) Office posture & back pain,2026-07-07T00:00:00,4332,34,رجيم الكيتو نفعني بس رجع الوزن,2026-07-18T02:00:00,5,demo-300
youtube,Demo Dubai Healthy Living,AE,Dubai,https://demo.example/youtube/2,https://demo.example/youtube/2/post1,(demo) Office posture & back pain,2026-07-07T00:00:00,4332,34,"migraines every week, tried everything",2026-07-24T00:00:00,2,demo-301
youtube,Demo Dubai Healthy Living,AE,Dubai,https://demo.example/youtube/2,https://demo.example/youtube/2/post2,(demo) Office posture & back pain,2026-05-06T00:00:00,3219,26,overthinking every night and anxious about everything,2026-05-08T11:00:00,0,demo-302
youtube,Demo Dubai Healthy Living,AE,Dubai,https://demo.example/youtube/2,https://demo.example/youtube/2/post2,(demo) Office posture & back pain,2026-05-06T00:00:00,3219,26,ابي انزل وزن بس ما عندي وقت للجيم، وش تنصحون؟,2026-05-24T23:00:00,1,demo-303
youtube,Demo Dubai Healthy Living,AE,Dubai,https://demo.example/youtube/2,https://demo.example/youtube/2/post2,(demo) Office posture & back pain,2026-05-06T00:00:00,3219,26,"migraines every week, tried everything",2026-05-16T20:00:00,0,demo-304
youtube,Demo Dubai Healthy Living,AE,Dubai,https://demo.example/youtube/2,https://demo.example/youtube/2/post2,(demo) Office posture & back pain,2026-05-06T00:00:00,3219,26,شد عضلي في الرقبه والكتف من الجوال,2026-05-21T20:00:00,0,demo-305
youtube,Demo Dubai Healthy Living,AE,Dubai,https://demo.example/youtube/2,https://demo.example/youtube/2/post2,(demo) Office posture & back pain,2026-05-06T00:00:00,3219,26,جسمي يوجعني كله وتعبانه، من ايش ممكن؟,2026-05-20T01:00:00,1,demo-306
youtube,Demo Dubai Healthy Living,AE,Dubai,https://demo.example/youtube/2,https://demo.example/youtube/2/post2,(demo) Office posture & back pain,2026-05-06T00:00:00,3219,26,"lower back pain every morning, any physio recommendations in Dubai?",2026-05-07T10:00:00,1,demo-307
youtube,Demo Dubai Healthy Living,AE,Dubai,https://demo.example/youtube/2,https://demo.example/youtube/2/post2,(demo) Office posture & back pain,2026-05-06T00:00:00,3219,26,جسمي يوجعني كله وتعبانه، من ايش ممكن؟,2026-05-23T15:00:00,1,demo-308
youtube,Demo Dubai Healthy Living,AE,Dubai,https://demo.example/youtube/2,https://demo.example/youtube/2/post2,(demo) Office posture & back pain,2026-05-06T00:00:00,3219,26,great video!,2026-05-15T11:00:00,0,demo-309
youtube,Demo Dubai Healthy Living,AE,Dubai,https://demo.example/youtube/2,https://demo.example/youtube/2/post2,(demo) Office posture & back pain,2026-05-06T00:00:00,3219,26,الم اسفل الظهر من الجلسه الطويله بالمكتب,2026-05-17T13:00:00,2,demo-310
youtube,Demo Dubai Healthy Living,AE,Dubai,https://demo.example/youtube/2,https://demo.example/youtube/2/post2,(demo) Office posture & back pain,2026-05-06T00:00:00,3219,26,صداع يومي بعد الدوام، هل له علاقه بالشاشه؟,2026-05-16T05:00:00,2,demo-311
youtube,Demo Dubai Healthy Living,AE,Dubai,https://demo.example/youtube/2,https://demo.example/youtube/2/post2,(demo) Office posture & back pain,2026-05-06T00:00:00,3219,26,جسمي يوجعني كله وتعبانه، من ايش ممكن؟,2026-05-22T08:00:00,0,demo-312
youtube,Demo Dubai Healthy Living,AE,Dubai,https://demo.example/youtube/2,https://demo.example/youtube/2/post2,(demo) Office posture & back pain,2026-05-06T00:00:00,3219,26,صداع يومي بعد الدوام، هل له علاقه بالشاشه؟,2026-05-25T05:00:00,5,demo-313
youtube,Demo Dubai Healthy Living,AE,Dubai,https://demo.example/youtube/2,https://demo.example/youtube/2/post2,(demo) Office posture & back pain,2026-05-06T00:00:00,3219,26,الم اسفل الظهر من الجلسه الطويله بالمكتب,2026-05-16T21:00:00,1,demo-314
youtube,Demo Dubai Healthy Living,AE,Dubai,https://demo.example/youtube/2,https://demo.example/youtube/2/post2,(demo) Office posture & back pain,2026-05-06T00:00:00,3219,26,شد عضلي في الرقبه والكتف من الجوال,2026-05-19T05:00:00,12,demo-315
youtube,Demo Dubai Healthy Living,AE,Dubai,https://demo.example/youtube/2,https://demo.example/youtube/2/post2,(demo) Office posture & back pain,2026-05-06T00:00:00,3219,26,الم اسفل الظهر من الجلسه الطويله بالمكتب,2026-05-17T19:00:00,2,demo-316
youtube,Demo Dubai Healthy Living,AE,Dubai,https://demo.example/youtube/2,https://demo.example/youtube/2/post2,(demo) Office posture & back pain,2026-05-06T00:00:00,3219,26,ضغط الشغل مخليني متوتره طول الوقت,2026-05-08T21:00:00,12,demo-317
youtube,Demo Dubai Healthy Living,AE,Dubai,https://demo.example/youtube/2,https://demo.example/youtube/2/post2,(demo) Office posture & back pain,2026-05-06T00:00:00,3219,26,جسمي يوجعني كله وتعبانه، من ايش ممكن؟,2026-05-11T00:00:00,0,demo-318
youtube,Demo Dubai Healthy Living,AE,Dubai,https://demo.example/youtube/2,https://demo.example/youtube/2/post2,(demo) Office posture & back pain,2026-05-06T00:00:00,3219,26,صداع يومي بعد الدوام، هل له علاقه بالشاشه؟,2026-05-07T04:00:00,0,demo-319
youtube,Demo Dubai Healthy Living,AE,Dubai,https://demo.example/youtube/2,https://demo.example/youtube/2/post2,(demo) Office posture & back pain,2026-05-06T00:00:00,3219,26,للطلب تواصل واتساب [phone],2026-05-17T12:00:00,5,demo-320
youtube,Demo Dubai Healthy Living,AE,Dubai,https://demo.example/youtube/2,https://demo.example/youtube/2/post2,(demo) Office posture & back pain,2026-05-06T00:00:00,3219,26,دايما تعبانه حتى لو نمت بدري، هل هذا طبيعي؟,2026-05-17T11:00:00,2,demo-321
youtube,Demo Dubai Healthy Living,AE,Dubai,https://demo.example/youtube/2,https://demo.example/youtube/2/post2,(demo) Office posture & back pain,2026-05-06T00:00:00,3219,26,عايزة اعرف ازاي ارجع طاقتي زي زمان؟ تعبت خالص,2026-05-17T12:00:00,1,demo-322
youtube,Demo Dubai Healthy Living,AE,Dubai,https://demo.example/youtube/2,https://demo.example/youtube/2/post2,(demo) Office posture & back pain,2026-05-06T00:00:00,3219,26,الم اسفل الظهر من الجلسه الطويله بالمكتب,2026-05-06T23:00:00,0,demo-323
youtube,Demo Dubai Healthy Living,AE,Dubai,https://demo.example/youtube/2,https://demo.example/youtube/2/post2,(demo) Office posture & back pain,2026-05-06T00:00:00,3219,26,"migraines every week, tried everything",2026-05-09T08:00:00,1,demo-324
youtube,Demo Dubai Healthy Living,AE,Dubai,https://demo.example/youtube/2,https://demo.example/youtube/2/post2,(demo) Office posture & back pain,2026-05-06T00:00:00,3219,26,"migraines every week, tried everything",2026-05-15T22:00:00,2,demo-325
youtube,Demo Dubai Healthy Living,AE,Dubai,https://demo.example/youtube/2,https://demo.example/youtube/2/post2,(demo) Office posture & back pain,2026-05-06T00:00:00,3219,26,جسمي يوجعني كله وتعبانه، من ايش ممكن؟,2026-05-08T14:00:00,0,demo-326
youtube,Demo Dubai Healthy Living,AE,Dubai,https://demo.example/youtube/2,https://demo.example/youtube/2/post2,(demo) Office posture & back pain,2026-05-06T00:00:00,3219,26,الم اسفل الظهر من الجلسه الطويله بالمكتب,2026-05-16T21:00:00,1,demo-327
youtube,Demo Dubai Healthy Living,AE,Dubai,https://demo.example/youtube/2,https://demo.example/youtube/2/post3,(demo) Office posture & back pain,2026-07-10T00:00:00,4491,24,🔥🔥🔥,2026-07-21T16:00:00,0,demo-328
youtube,Demo Dubai Healthy Living,AE,Dubai,https://demo.example/youtube/2,https://demo.example/youtube/2/post3,(demo) Office posture & back pain,2026-07-10T00:00:00,4491,24,🔥🔥🔥,2026-07-17T15:00:00,0,demo-329
youtube,Demo Dubai Healthy Living,AE,Dubai,https://demo.example/youtube/2,https://demo.example/youtube/2/post3,(demo) Office posture & back pain,2026-07-10T00:00:00,4491,24,overthinking every night and anxious about everything,2026-07-24T17:00:00,0,demo-330
youtube,Demo Dubai Healthy Living,AE,Dubai,https://demo.example/youtube/2,https://demo.example/youtube/2/post3,(demo) Office posture & back pain,2026-07-10T00:00:00,4491,24,شكرا على المعلومات,2026-07-19T12:00:00,12,demo-331
youtube,Demo Dubai Healthy Living,AE,Dubai,https://demo.example/youtube/2,https://demo.example/youtube/2/post3,(demo) Office posture & back pain,2026-07-10T00:00:00,4491,24,صداع يومي بعد الدوام، هل له علاقه بالشاشه؟,2026-07-23T18:00:00,0,demo-332
youtube,Demo Dubai Healthy Living,AE,Dubai,https://demo.example/youtube/2,https://demo.example/youtube/2/post3,(demo) Office posture & back pain,2026-07-10T00:00:00,4491,24,شكرا على المعلومات,2026-07-24T14:00:00,12,demo-333
youtube,Demo Dubai Healthy Living,AE,Dubai,https://demo.example/youtube/2,https://demo.example/youtube/2/post3,(demo) Office posture & back pain,2026-07-10T00:00:00,4491,24,جسمي يوجعني كله وتعبانه، من ايش ممكن؟,2026-07-27T20:00:00,5,demo-334
youtube,Demo Dubai Healthy Living,AE,Dubai,https://demo.example/youtube/2,https://demo.example/youtube/2/post3,(demo) Office posture & back pain,2026-07-10T00:00:00,4491,24,🔥🔥🔥,2026-07-23T16:00:00,0,demo-335
youtube,Demo Dubai Healthy Living,AE,Dubai,https://demo.example/youtube/2,https://demo.example/youtube/2/post3,(demo) Office posture & back pain,2026-07-10T00:00:00,4491,24,ركبتي توجعني لما امشي، وش التمارين المناسبه؟,2026-07-15T05:00:00,1,demo-336
youtube,Demo Dubai Healthy Living,AE,Dubai,https://demo.example/youtube/2,https://demo.example/youtube/2/post3,(demo) Office posture & back pain,2026-07-10T00:00:00,4491,24,"migraines every week, tried everything",2026-07-19T02:00:00,1,demo-337
youtube,Demo Dubai Healthy Living,AE,Dubai,https://demo.example/youtube/2,https://demo.example/youtube/2/post3,(demo) Office posture & back pain,2026-07-10T00:00:00,4491,24,magnesium before bed helped me sleep so much better,2026-07-14T20:00:00,1,demo-338
youtube,Demo Dubai Healthy Living,AE,Dubai,https://demo.example/youtube/2,https://demo.example/youtube/2/post3,(demo) Office posture & back pain,2026-07-10T00:00:00,4491,24,"migraines every week, tried everything",2026-07-30T05:00:00,5,demo-339
youtube,Demo Dubai Healthy Living,AE,Dubai,https://demo.example/youtube/2,https://demo.example/youtube/2/post3,(demo) Office posture & back pain,2026-07-10T00:00:00,4491,24,شد عضلي في الرقبه والكتف من الجوال,2026-07-29T23:00:00,5,demo-340
youtube,Demo Dubai Healthy Living,AE,Dubai,https://demo.example/youtube/2,https://demo.example/youtube/2/post3,(demo) Office posture & back pain,2026-07-10T00:00:00,4491,24,مشكوره حبيبتي,2026-07-11T00:00:00,0,demo-341
youtube,Demo Dubai Healthy Living,AE,Dubai,https://demo.example/youtube/2,https://demo.example/youtube/2/post3,(demo) Office posture & back pain,2026-07-10T00:00:00,4491,24,مشكوره حبيبتي,2026-07-18T20:00:00,0,demo-342
youtube,Demo Dubai Healthy Living,AE,Dubai,https://demo.example/youtube/2,https://demo.example/youtube/2/post3,(demo) Office posture & back pain,2026-07-10T00:00:00,4491,24,شد عضلي في الرقبه والكتف من الجوال,2026-07-10T15:00:00,12,demo-343
youtube,Demo Dubai Healthy Living,AE,Dubai,https://demo.example/youtube/2,https://demo.example/youtube/2/post3,(demo) Office posture & back pain,2026-07-10T00:00:00,4491,24,ركبتي توجعني لما امشي، وش التمارين المناسبه؟,2026-07-25T07:00:00,12,demo-344
youtube,Demo Dubai Healthy Living,AE,Dubai,https://demo.example/youtube/2,https://demo.example/youtube/2/post3,(demo) Office posture & back pain,2026-07-10T00:00:00,4491,24,الم اسفل الظهر من الجلسه الطويله بالمكتب,2026-07-11T05:00:00,2,demo-345
youtube,Demo Dubai Healthy Living,AE,Dubai,https://demo.example/youtube/2,https://demo.example/youtube/2/post3,(demo) Office posture & back pain,2026-07-10T00:00:00,4491,24,"lower back pain every morning, any physio recommendations in Dubai?",2026-07-20T19:00:00,0,demo-346
youtube,Demo Dubai Healthy Living,AE,Dubai,https://demo.example/youtube/2,https://demo.example/youtube/2/post3,(demo) Office posture & back pain,2026-07-10T00:00:00,4491,24,للطلب تواصل واتساب [phone],2026-07-21T12:00:00,0,demo-347
youtube,Demo Dubai Healthy Living,AE,Dubai,https://demo.example/youtube/2,https://demo.example/youtube/2/post3,(demo) Office posture & back pain,2026-07-10T00:00:00,4491,24,الم اسفل الظهر من الجلسه الطويله بالمكتب,2026-07-20T07:00:00,2,demo-348
youtube,Demo Dubai Healthy Living,AE,Dubai,https://demo.example/youtube/2,https://demo.example/youtube/2/post3,(demo) Office posture & back pain,2026-07-10T00:00:00,4491,24,"lower back pain every morning, any physio recommendations in Dubai?",2026-07-14T03:00:00,0,demo-349
youtube,Demo Dubai Healthy Living,AE,Dubai,https://demo.example/youtube/2,https://demo.example/youtube/2/post3,(demo) Office posture & back pain,2026-07-10T00:00:00,4491,24,مشكوره حبيبتي,2026-07-23T07:00:00,0,demo-350
youtube,Demo Dubai Healthy Living,AE,Dubai,https://demo.example/youtube/2,https://demo.example/youtube/2/post3,(demo) Office posture & back pain,2026-07-10T00:00:00,4491,24,للطلب تواصل واتساب [phone],2026-07-16T05:00:00,2,demo-351
facebook,Demo Kuwait Moms Health Group,KW,,https://demo.example/facebook/3,https://demo.example/facebook/3/post0,(demo) Healthy habits for busy people,2026-07-03T00:00:00,2577,30,walking 10k steps changed my life,2026-07-19T14:00:00,0,demo-352
facebook,Demo Kuwait Moms Health Group,KW,,https://demo.example/facebook/3,https://demo.example/facebook/3/post0,(demo) Healthy habits for busy people,2026-07-03T00:00:00,2577,30,ما اقدر انام قبل الساعه 3 الفجر، كيف اعدل نومي؟,2026-07-04T09:00:00,2,demo-353
facebook,Demo Kuwait Moms Health Group,KW,,https://demo.example/facebook/3,https://demo.example/facebook/3/post0,(demo) Healthy habits for busy people,2026-07-03T00:00:00,2577,30,الله يعطيك العافيه,2026-07-12T17:00:00,0,demo-354
facebook,Demo Kuwait Moms Health Group,KW,,https://demo.example/facebook/3,https://demo.example/facebook/3/post0,(demo) Healthy habits for busy people,2026-07-03T00:00:00,2577,30,نقص فيتامين د منتشر عندنا، كم لازم اطلع للشمس؟,2026-07-14T12:00:00,1,demo-355
facebook,Demo Kuwait Moms Health Group,KW,,https://demo.example/facebook/3,https://demo.example/facebook/3/post0,(demo) Healthy habits for busy people,2026-07-03T00:00:00,2577,30,رجيم الكيتو نفعني بس رجع الوزن,2026-07-20T06:00:00,1,demo-356
facebook,Demo Kuwait Moms Health Group,KW,,https://demo.example/facebook/3,https://demo.example/facebook/3/post0,(demo) Healthy habits for busy people,2026-07-03T00:00:00,2577,30,walking 10k steps changed my life,2026-07-19T14:00:00,5,demo-357
facebook,Demo Kuwait Moms Health Group,KW,,https://demo.example/facebook/3,https://demo.example/facebook/3/post0,(demo) Healthy habits for busy people,2026-07-03T00:00:00,2577,30,مشكوره حبيبتي,2026-07-22T03:00:00,0,demo-358
facebook,Demo Kuwait Moms Health Group,KW,,https://demo.example/facebook/3,https://demo.example/facebook/3/post0,(demo) Healthy habits for busy people,2026-07-03T00:00:00,2577,30,في الصيام طاقتي تنزل مره وش السبب؟,2026-07-13T17:00:00,1,demo-359
facebook,Demo Kuwait Moms Health Group,KW,,https://demo.example/facebook/3,https://demo.example/facebook/3/post0,(demo) Healthy habits for busy people,2026-07-03T00:00:00,2577,30,رجيم الكيتو نفعني بس رجع الوزن,2026-07-15T16:00:00,0,demo-360
facebook,Demo Kuwait Moms Health Group,KW,,https://demo.example/facebook/3,https://demo.example/facebook/3/post0,(demo) Healthy habits for busy people,2026-07-03T00:00:00,2577,30,how do I build a healthy routine with long working hours?,2026-07-13T15:00:00,5,demo-361
facebook,Demo Kuwait Moms Health Group,KW,,https://demo.example/facebook/3,https://demo.example/facebook/3/post0,(demo) Healthy habits for busy people,2026-07-03T00:00:00,2577,30,رجيم الكيتو نفعني بس رجع الوزن,2026-07-07T10:00:00,5,demo-362
facebook,Demo Kuwait Moms Health Group,KW,,https://demo.example/facebook/3,https://demo.example/facebook/3/post0,(demo) Healthy habits for busy people,2026-07-03T00:00:00,2577,30,رجيم الكيتو نفعني بس رجع الوزن,2026-07-12T18:00:00,1,demo-363
facebook,Demo Kuwait Moms Health Group,KW,,https://demo.example/facebook/3,https://demo.example/facebook/3/post0,(demo) Healthy habits for busy people,2026-07-03T00:00:00,2577,30,love this,2026-07-18T22:00:00,5,demo-364
facebook,Demo Kuwait Moms Health Group,KW,,https://demo.example/facebook/3,https://demo.example/facebook/3/post0,(demo) Healthy habits for busy people,2026-07-03T00:00:00,2577,30,ابي انزل وزن بس ما عندي وقت للجيم، وش تنصحون؟,2026-07-14T10:00:00,12,demo-365
facebook,Demo Kuwait Moms Health Group,KW,,https://demo.example/facebook/3,https://demo.example/facebook/3/post0,(demo) Healthy habits for busy people,2026-07-03T00:00:00,2577,30,مشكوره حبيبتي,2026-07-12T23:00:00,12,demo-366
facebook,Demo Kuwait Moms Health Group,KW,,https://demo.example/facebook/3,https://demo.example/facebook/3/post0,(demo) Healthy habits for busy people,2026-07-03T00:00:00,2577,30,walking 10k steps changed my life,2026-07-11T20:00:00,5,demo-367
facebook,Demo Kuwait Moms Health Group,KW,,https://demo.example/facebook/3,https://demo.example/facebook/3/post0,(demo) Healthy habits for busy people,2026-07-03T00:00:00,2577,30,ابي انزل وزن بس ما عندي وقت للجيم، وش تنصحون؟,2026-07-21T15:00:00,0,demo-368
facebook,Demo Kuwait Moms Health Group,KW,,https://demo.example/facebook/3,https://demo.example/facebook/3/post0,(demo) Healthy habits for busy people,2026-07-03T00:00:00,2577,30,"migraines every week, tried everything",2026-07-15T04:00:00,12,demo-369
facebook,Demo Kuwait Moms Health Group,KW,,https://demo.example/facebook/3,https://demo.example/facebook/3/post0,(demo) Healthy habits for busy people,2026-07-03T00:00:00,2577,30,how do I build a healthy routine with long working hours?,2026-07-06T06:00:00,0,demo-370
facebook,Demo Kuwait Moms Health Group,KW,,https://demo.example/facebook/3,https://demo.example/facebook/3/post0,(demo) Healthy habits for busy people,2026-07-03T00:00:00,2577,30,what's a good diet for more energy?,2026-07-16T22:00:00,0,demo-371
facebook,Demo Kuwait Moms Health Group,KW,,https://demo.example/facebook/3,https://demo.example/facebook/3/post0,(demo) Healthy habits for busy people,2026-07-03T00:00:00,2577,30,رجيم الكيتو نفعني بس رجع الوزن,2026-07-18T23:00:00,12,demo-372
facebook,Demo Kuwait Moms Health Group,KW,,https://demo.example/facebook/3,https://demo.example/facebook/3/post0,(demo) Healthy habits for busy people,2026-07-03T00:00:00,2577,30,عايزة اعرف ازاي ارجع طاقتي زي زمان؟ تعبت خالص,2026-07-09T17:00:00,1,demo-373
facebook,Demo Kuwait Moms Health Group,KW,,https://demo.example/facebook/3,https://demo.example/facebook/3/post0,(demo) Healthy habits for busy people,2026-07-03T00:00:00,2577,30,walking 10k steps changed my life,2026-07-13T05:00:00,2,demo-374
facebook,Demo Kuwait Moms Health Group,KW,,https://demo.example/facebook/3,https://demo.example/facebook/3/post0,(demo) Healthy habits for busy people,2026-07-03T00:00:00,2577,30,نقص فيتامين د منتشر عندنا، كم لازم اطلع للشمس؟,2026-07-23T22:00:00,1,demo-375
facebook,Demo Kuwait Moms Health Group,KW,,https://demo.example/facebook/3,https://demo.example/facebook/3/post0,(demo) Healthy habits for busy people,2026-07-03T00:00:00,2577,30,what's a good diet for more energy?,2026-07-11T17:00:00,1,demo-376
facebook,Demo Kuwait Moms Health Group,KW,,https://demo.example/facebook/3,https://demo.example/facebook/3/post0,(demo) Healthy habits for busy people,2026-07-03T00:00:00,2577,30,@user @user,2026-07-12T22:00:00,0,demo-377
facebook,Demo Kuwait Moms Health Group,KW,,https://demo.example/facebook/3,https://demo.example/facebook/3/post0,(demo) Healthy habits for busy people,2026-07-03T00:00:00,2577,30,نقص فيتامين د منتشر عندنا، كم لازم اطلع للشمس؟,2026-07-18T11:00:00,5,demo-378
facebook,Demo Kuwait Moms Health Group,KW,,https://demo.example/facebook/3,https://demo.example/facebook/3/post0,(demo) Healthy habits for busy people,2026-07-03T00:00:00,2577,30,ابي انزل وزن بس ما عندي وقت للجيم، وش تنصحون؟,2026-07-21T21:00:00,5,demo-379
facebook,Demo Kuwait Moms Health Group,KW,,https://demo.example/facebook/3,https://demo.example/facebook/3/post0,(demo) Healthy habits for busy people,2026-07-03T00:00:00,2577,30,follow me for more,2026-07-14T04:00:00,1,demo-380
facebook,Demo Kuwait Moms Health Group,KW,,https://demo.example/facebook/3,https://demo.example/facebook/3/post0,(demo) Healthy habits for busy people,2026-07-03T00:00:00,2577,30,how do I build a healthy routine with long working hours?,2026-07-05T11:00:00,2,demo-381
facebook,Demo Kuwait Moms Health Group,KW,,https://demo.example/facebook/3,https://demo.example/facebook/3/post1,(demo) Dealing with work stress,2026-08-04T00:00:00,3974,21,@user @user,2026-08-21T22:00:00,1,demo-382
facebook,Demo Kuwait Moms Health Group,KW,,https://demo.example/facebook/3,https://demo.example/facebook/3/post1,(demo) Dealing with work stress,2026-08-04T00:00:00,3974,21,"totally burned out, no motivation for anything",2026-08-11T01:00:00,12,demo-383
facebook,Demo Kuwait Moms Health Group,KW,,https://demo.example/facebook/3,https://demo.example/facebook/3/post1,(demo) Dealing with work stress,2026-08-04T00:00:00,3974,21,"totally burned out, no motivation for anything",2026-08-05T03:00:00,2,demo-384
facebook,Demo Kuwait Moms Health Group,KW,,https://demo.example/facebook/3,https://demo.example/facebook/3/post1,(demo) Dealing with work stress,2026-08-04T00:00:00,3974,21,"stress at work is killing me, I can't switch off",2026-08-08T00:00:00,5,demo-385
facebook,Demo Kuwait Moms Health Group,KW,,https://demo.example/facebook/3,https://demo.example/facebook/3/post1,(demo) Dealing with work stress,2026-08-04T00:00:00,3974,21,"burnout from long hours, what helped you?",2026-08-19T20:00:00,0,demo-386
facebook,Demo Kuwait Moms Health Group,KW,,https://demo.example/facebook/3,https://demo.example/facebook/3/post1,(demo) Dealing with work stress,2026-08-04T00:00:00,3974,21,ضغط الشغل مخليني متوتره طول الوقت,2026-08-06T20:00:00,5,demo-387
facebook,Demo Kuwait Moms Health Group,KW,,https://demo.example/facebook/3,https://demo.example/facebook/3/post1,(demo) Dealing with work stress,2026-08-04T00:00:00,3974,21,ضغط الشغل مخليني متوتره طول الوقت,2026-08-09T13:00:00,0,demo-388
facebook,Demo Kuwait Moms Health Group,KW,,https://demo.example/facebook/3,https://demo.example/facebook/3/post1,(demo) Dealing with work stress,2026-08-04T00:00:00,3974,21,follow me for more,2026-08-19T05:00:00,12,demo-389
facebook,Demo Kuwait Moms Health Group,KW,,https://demo.example/facebook/3,https://demo.example/facebook/3/post1,(demo) Dealing with work stress,2026-08-04T00:00:00,3974,21,ماشاء الله تبارك الله 😍,2026-08-13T18:00:00,5,demo-390
facebook,Demo Kuwait Moms Health Group,KW,,https://demo.example/facebook/3,https://demo.example/facebook/3/post1,(demo) Dealing with work stress,2026-08-04T00:00:00,3974,21,للطلب تواصل واتساب [phone],2026-08-13T14:00:00,12,demo-391
facebook,Demo Kuwait Moms Health Group,KW,,https://demo.example/facebook/3,https://demo.example/facebook/3/post1,(demo) Dealing with work stress,2026-08-04T00:00:00,3974,21,احس اني مضغوط ومستنزف من الدوام، فقدت الشغف,2026-08-20T14:00:00,1,demo-392
facebook,Demo Kuwait Moms Health Group,KW,,https://demo.example/facebook/3,https://demo.example/facebook/3/post1,(demo) Dealing with work stress,2026-08-04T00:00:00,3974,21,للطلب تواصل واتساب [phone],2026-08-09T23:00:00,2,demo-393
facebook,Demo Kuwait Moms Health Group,KW,,https://demo.example/facebook/3,https://demo.example/facebook/3/post1,(demo) Dealing with work stress,2026-08-04T00:00:00,3974,21,احس اني مضغوط ومستنزف من الدوام، فقدت الشغف,2026-08-04T23:00:00,1,demo-394
facebook,Demo Kuwait Moms Health Group,KW,,https://demo.example/facebook/3,https://demo.example/facebook/3/post1,(demo) Dealing with work stress,2026-08-04T00:00:00,3974,21,"totally burned out, no motivation for anything",2026-08-09T19:00:00,12,demo-395
facebook,Demo Kuwait Moms Health Group,KW,,https://demo.example/facebook/3,https://demo.example/facebook/3/post1,(demo) Dealing with work stress,2026-08-04T00:00:00,3974,21,love this,2026-08-14T02:00:00,2,demo-396
facebook,Demo Kuwait Moms Health Group,KW,,https://demo.example/facebook/3,https://demo.example/facebook/3/post1,(demo) Dealing with work stress,2026-08-04T00:00:00,3974,21,احس اني مضغوط ومستنزف من الدوام، فقدت الشغف,2026-08-19T10:00:00,0,demo-397
facebook,Demo Kuwait Moms Health Group,KW,,https://demo.example/facebook/3,https://demo.example/facebook/3/post1,(demo) Dealing with work stress,2026-08-04T00:00:00,3974,21,"totally burned out, no motivation for anything",2026-08-18T08:00:00,1,demo-398
facebook,Demo Kuwait Moms Health Group,KW,,https://demo.example/facebook/3,https://demo.example/facebook/3/post1,(demo) Dealing with work stress,2026-08-04T00:00:00,3974,21,ضغط الشغل مخليني متوتره طول الوقت,2026-08-12T20:00:00,1,demo-399
facebook,Demo Kuwait Moms Health Group,KW,,https://demo.example/facebook/3,https://demo.example/facebook/3/post1,(demo) Dealing with work stress,2026-08-04T00:00:00,3974,21,"stress at work is killing me, I can't switch off",2026-08-18T09:00:00,0,demo-400
facebook,Demo Kuwait Moms Health Group,KW,,https://demo.example/facebook/3,https://demo.example/facebook/3/post1,(demo) Dealing with work stress,2026-08-04T00:00:00,3974,21,gut health is a mess since I moved to Dubai,2026-08-07T20:00:00,1,demo-401
facebook,Demo Kuwait Moms Health Group,KW,,https://demo.example/facebook/3,https://demo.example/facebook/3/post1,(demo) Dealing with work stress,2026-08-04T00:00:00,3974,21,"totally burned out, no motivation for anything",2026-08-08T15:00:00,0,demo-402
facebook,Demo Kuwait Moms Health Group,KW,,https://demo.example/facebook/3,https://demo.example/facebook/3/post2,(demo) Healthy habits for busy people,2026-08-04T00:00:00,3110,28,walking 10k steps changed my life,2026-08-21T21:00:00,0,demo-403
facebook,Demo Kuwait Moms Health Group,KW,,https://demo.example/facebook/3,https://demo.example/facebook/3/post2,(demo) Healthy habits for busy people,2026-08-04T00:00:00,3110,28,اصحى بالليل اكثر من مره وما ارجع انام,2026-08-20T14:00:00,5,demo-404
facebook,Demo Kuwait Moms Health Group,KW,,https://demo.example/facebook/3,https://demo.example/facebook/3/post2,(demo) Healthy habits for busy people,2026-08-04T00:00:00,3110,28,رجيم الكيتو نفعني بس رجع الوزن,2026-08-07T01:00:00,5,demo-405
facebook,Demo Kuwait Moms Health Group,KW,,https://demo.example/facebook/3,https://demo.example/facebook/3/post2,(demo) Healthy habits for busy people,2026-08-04T00:00:00,3110,28,رجيم الكيتو نفعني بس رجع الوزن,2026-08-08T05:00:00,1,demo-406
facebook,Demo Kuwait Moms Health Group,KW,,https://demo.example/facebook/3,https://demo.example/facebook/3/post2,(demo) Healthy habits for busy people,2026-08-04T00:00:00,3110,28,how do I build a healthy routine with long working hours?,2026-08-10T22:00:00,5,demo-407
facebook,Demo Kuwait Moms Health Group,KW,,https://demo.example/facebook/3,https://demo.example/facebook/3/post2,(demo) Healthy habits for busy people,2026-08-04T00:00:00,3110,28,رجيم الكيتو نفعني بس رجع الوزن,2026-08-18T01:00:00,2,demo-408
facebook,Demo Kuwait Moms Health Group,KW,,https://demo.example/facebook/3,https://demo.example/facebook/3/post2,(demo) Healthy habits for busy people,2026-08-04T00:00:00,3110,28,walking 10k steps changed my life,2026-08-22T01:00:00,5,demo-409
facebook,Demo Kuwait Moms Health Group,KW,,https://demo.example/facebook/3,https://demo.example/facebook/3/post2,(demo) Healthy habits for busy people,2026-08-04T00:00:00,3110,28,gut health is a mess since I moved to Dubai,2026-08-04T12:00:00,1,demo-410
facebook,Demo Kuwait Moms Health Group,KW,,https://demo.example/facebook/3,https://demo.example/facebook/3/post2,(demo) Healthy habits for busy people,2026-08-04T00:00:00,3110,28,"low energy for months now, tried vitamins and nothing works",2026-08-06T01:00:00,2,demo-411
facebook,Demo Kuwait Moms Health Group,KW,,https://demo.example/facebook/3,https://demo.example/facebook/3/post2,(demo) Healthy habits for busy people,2026-08-04T00:00:00,3110,28,ضغط الشغل مخليني متوتره طول الوقت,2026-08-06T15:00:00,0,demo-412
facebook,Demo Kuwait Moms Health Group,KW,,https://demo.example/facebook/3,https://demo.example/facebook/3/post2,(demo) Healthy habits for busy people,2026-08-04T00:00:00,3110,28,في الصيام طاقتي تنزل مره وش السبب؟,2026-08-08T20:00:00,12,demo-413
facebook,Demo Kuwait Moms Health Group,KW,,https://demo.example/facebook/3,https://demo.example/facebook/3/post2,(demo) Healthy habits for busy people,2026-08-04T00:00:00,3110,28,للطلب تواصل واتساب [phone],2026-08-16T14:00:00,2,demo-414
facebook,Demo Kuwait Moms Health Group,KW,,https://demo.example/facebook/3,https://demo.example/facebook/3/post2,(demo) Healthy habits for busy people,2026-08-04T00:00:00,3110,28,how do I build a healthy routine with long working hours?,2026-08-21T04:00:00,12,demo-415
facebook,Demo Kuwait Moms Health Group,KW,,https://demo.example/facebook/3,https://demo.example/facebook/3/post2,(demo) Healthy habits for busy people,2026-08-04T00:00:00,3110,28,رجيم الكيتو نفعني بس رجع الوزن,2026-08-16T16:00:00,0,demo-416
facebook,Demo Kuwait Moms Health Group,KW,,https://demo.example/facebook/3,https://demo.example/facebook/3/post2,(demo) Healthy habits for busy people,2026-08-04T00:00:00,3110,28,ماشاء الله تبارك الله 😍,2026-08-04T09:00:00,2,demo-417
facebook,Demo Kuwait Moms Health Group,KW,,https://demo.example/facebook/3,https://demo.example/facebook/3/post2,(demo) Healthy habits for busy people,2026-08-04T00:00:00,3110,28,walking 10k steps changed my life,2026-08-21T12:00:00,0,demo-418
facebook,Demo Kuwait Moms Health Group,KW,,https://demo.example/facebook/3,https://demo.example/facebook/3/post2,(demo) Healthy habits for busy people,2026-08-04T00:00:00,3110,28,what's a good diet for more energy?,2026-08-12T06:00:00,12,demo-419
facebook,Demo Kuwait Moms Health Group,KW,,https://demo.example/facebook/3,https://demo.example/facebook/3/post2,(demo) Healthy habits for busy people,2026-08-04T00:00:00,3110,28,how do I build a healthy routine with long working hours?,2026-08-17T19:00:00,0,demo-420
facebook,Demo Kuwait Moms Health Group,KW,,https://demo.example/facebook/3,https://demo.example/facebook/3/post2,(demo) Healthy habits for busy people,2026-08-04T00:00:00,3110,28,ابي انزل وزن بس ما عندي وقت للجيم، وش تنصحون؟,2026-08-23T01:00:00,2,demo-421
facebook,Demo Kuwait Moms Health Group,KW,,https://demo.example/facebook/3,https://demo.example/facebook/3/post2,(demo) Healthy habits for busy people,2026-08-04T00:00:00,3110,28,جسمي يوجعني كله وتعبانه، من ايش ممكن؟,2026-08-05T07:00:00,12,demo-422
facebook,Demo Kuwait Moms Health Group,KW,,https://demo.example/facebook/3,https://demo.example/facebook/3/post2,(demo) Healthy habits for busy people,2026-08-04T00:00:00,3110,28,what's a good diet for more energy?,2026-08-21T06:00:00,0,demo-423
facebook,Demo Kuwait Moms Health Group,KW,,https://demo.example/facebook/3,https://demo.example/facebook/3/post2,(demo) Healthy habits for busy people,2026-08-04T00:00:00,3110,28,نقص فيتامين د منتشر عندنا، كم لازم اطلع للشمس؟,2026-08-11T23:00:00,5,demo-424
facebook,Demo Kuwait Moms Health Group,KW,,https://demo.example/facebook/3,https://demo.example/facebook/3/post2,(demo) Healthy habits for busy people,2026-08-04T00:00:00,3110,28,overthinking every night and anxious about everything,2026-08-11T09:00:00,0,demo-425
facebook,Demo Kuwait Moms Health Group,KW,,https://demo.example/facebook/3,https://demo.example/facebook/3/post2,(demo) Healthy habits for busy people,2026-08-04T00:00:00,3110,28,walking 10k steps changed my life,2026-08-13T08:00:00,0,demo-426
facebook,Demo Kuwait Moms Health Group,KW,,https://demo.example/facebook/3,https://demo.example/facebook/3/post2,(demo) Healthy habits for busy people,2026-08-04T00:00:00,3110,28,🔥🔥🔥,2026-08-24T21:00:00,2,demo-427
facebook,Demo Kuwait Moms Health Group,KW,,https://demo.example/facebook/3,https://demo.example/facebook/3/post2,(demo) Healthy habits for busy people,2026-08-04T00:00:00,3110,28,نقص فيتامين د منتشر عندنا، كم لازم اطلع للشمس؟,2026-08-24T21:00:00,2,demo-428
facebook,Demo Kuwait Moms Health Group,KW,,https://demo.example/facebook/3,https://demo.example/facebook/3/post2,(demo) Healthy habits for busy people,2026-08-04T00:00:00,3110,28,walking 10k steps changed my life,2026-08-17T04:00:00,1,demo-429
facebook,Demo Kuwait Moms Health Group,KW,,https://demo.example/facebook/3,https://demo.example/facebook/3/post2,(demo) Healthy habits for busy people,2026-08-04T00:00:00,3110,28,رجيم الكيتو نفعني بس رجع الوزن,2026-08-19T07:00:00,0,demo-430
facebook,Demo Kuwait Moms Health Group,KW,,https://demo.example/facebook/3,https://demo.example/facebook/3/post3,(demo) Dealing with work stress,2026-07-30T00:00:00,1232,40,love this,2026-08-12T13:00:00,5,demo-431
facebook,Demo Kuwait Moms Health Group,KW,,https://demo.example/facebook/3,https://demo.example/facebook/3/post3,(demo) Dealing with work stress,2026-07-30T00:00:00,1232,40,"totally burned out, no motivation for anything",2026-08-07T06:00:00,1,demo-432
facebook,Demo Kuwait Moms Health Group,KW,,https://demo.example/facebook/3,https://demo.example/facebook/3/post3,(demo) Dealing with work stress,2026-07-30T00:00:00,1232,40,"burnout from long hours, what helped you?",2026-08-10T02:00:00,5,demo-433
facebook,Demo Kuwait Moms Health Group,KW,,https://demo.example/facebook/3,https://demo.example/facebook/3/post3,(demo) Dealing with work stress,2026-07-30T00:00:00,1232,40,ماشاء الله تبارك الله 😍,2026-08-07T12:00:00,12,demo-434
facebook,Demo Kuwait Moms Health Group,KW,,https://demo.example/facebook/3,https://demo.example/facebook/3/post3,(demo) Dealing with work stress,2026-07-30T00:00:00,1232,40,جسمي يوجعني كله وتعبانه، من ايش ممكن؟,2026-08-01T06:00:00,5,demo-435
facebook,Demo Kuwait Moms Health Group,KW,,https://demo.example/facebook/3,https://demo.example/facebook/3/post3,(demo) Dealing with work stress,2026-07-30T00:00:00,1232,40,what's a good diet for more energy?,2026-08-14T06:00:00,1,demo-436
facebook,Demo Kuwait Moms Health Group,KW,,https://demo.example/facebook/3,https://demo.example/facebook/3/post3,(demo) Dealing with work stress,2026-07-30T00:00:00,1232,40,ماشاء الله تبارك الله 😍,2026-08-05T06:00:00,12,demo-437
facebook,Demo Kuwait Moms Health Group,KW,,https://demo.example/facebook/3,https://demo.example/facebook/3/post3,(demo) Dealing with work stress,2026-07-30T00:00:00,1232,40,دايما تعبانه حتى لو نمت بدري، هل هذا طبيعي؟,2026-08-06T22:00:00,5,demo-438
facebook,Demo Kuwait Moms Health Group,KW,,https://demo.example/facebook/3,https://demo.example/facebook/3/post3,(demo) Dealing with work stress,2026-07-30T00:00:00,1232,40,"totally burned out, no motivation for anything",2026-08-16T10:00:00,1,demo-439
facebook,Demo Kuwait Moms Health Group,KW,,https://demo.example/facebook/3,https://demo.example/facebook/3/post3,(demo) Dealing with work stress,2026-07-30T00:00:00,1232,40,overthinking every night and anxious about everything,2026-08-08T08:00:00,1,demo-440
facebook,Demo Kuwait Moms Health Group,KW,,https://demo.example/facebook/3,https://demo.example/facebook/3/post3,(demo) Dealing with work stress,2026-07-30T00:00:00,1232,40,الله يعطيك العافيه,2026-08-02T23:00:00,2,demo-441
facebook,Demo Kuwait Moms Health Group,KW,,https://demo.example/facebook/3,https://demo.example/facebook/3/post3,(demo) Dealing with work stress,2026-07-30T00:00:00,1232,40,للطلب تواصل واتساب [phone],2026-08-09T13:00:00,0,demo-442
facebook,Demo Kuwait Moms Health Group,KW,,https://demo.example/facebook/3,https://demo.example/facebook/3/post3,(demo) Dealing with work stress,2026-07-30T00:00:00,1232,40,🔥🔥🔥,2026-07-30T08:00:00,5,demo-443
facebook,Demo Kuwait Moms Health Group,KW,,https://demo.example/facebook/3,https://demo.example/facebook/3/post3,(demo) Dealing with work stress,2026-07-30T00:00:00,1232,40,صداع يومي بعد الدوام، هل له علاقه بالشاشه؟,2026-08-08T04:00:00,0,demo-444
facebook,Demo Kuwait Moms Health Group,KW,,https://demo.example/facebook/3,https://demo.example/facebook/3/post3,(demo) Dealing with work stress,2026-07-30T00:00:00,1232,40,"totally burned out, no motivation for anything",2026-08-14T17:00:00,12,demo-445
facebook,Demo Kuwait Moms Health Group,KW,,https://demo.example/facebook/3,https://demo.example/facebook/3/post3,(demo) Dealing with work stress,2026-07-30T00:00:00,1232,40,"burnout from long hours, what helped you?",2026-08-19T23:00:00,2,demo-446
facebook,Demo Kuwait Moms Health Group,KW,,https://demo.example/facebook/3,https://demo.example/facebook/3/post3,(demo) Dealing with work stress,2026-07-30T00:00:00,1232,40,overthinking every night and anxious about everything,2026-08-04T04:00:00,12,demo-447
facebook,Demo Kuwait Moms Health Group,KW,,https://demo.example/facebook/3,https://demo.example/facebook/3/post3,(demo) Dealing with work stress,2026-07-30T00:00:00,1232,40,ضغط الشغل مخليني متوتره طول الوقت,2026-08-15T01:00:00,0,demo-448
facebook,Demo Kuwait Moms Health Group,KW,,https://demo.example/facebook/3,https://demo.example/facebook/3/post3,(demo) Dealing with work stress,2026-07-30T00:00:00,1232,40,ضغط الشغل مخليني متوتره طول الوقت,2026-08-12T04:00:00,12,demo-449
facebook,Demo Kuwait Moms Health Group,KW,,https://demo.example/facebook/3,https://demo.example/facebook/3/post3,(demo) Dealing with work stress,2026-07-30T00:00:00,1232,40,احس اني مضغوط ومستنزف من الدوام، فقدت الشغف,2026-07-30T06:00:00,5,demo-450
facebook,Demo Kuwait Moms Health Group,KW,,https://demo.example/facebook/3,https://demo.example/facebook/3/post3,(demo) Dealing with work stress,2026-07-30T00:00:00,1232,40,"burnout from long hours, what helped you?",2026-08-14T00:00:00,0,demo-451
facebook,Demo Kuwait Moms Health Group,KW,,https://demo.example/facebook/3,https://demo.example/facebook/3/post3,(demo) Dealing with work stress,2026-07-30T00:00:00,1232,40,الم اسفل الظهر من الجلسه الطويله بالمكتب,2026-07-30T16:00:00,12,demo-452
facebook,Demo Kuwait Moms Health Group,KW,,https://demo.example/facebook/3,https://demo.example/facebook/3/post3,(demo) Dealing with work stress,2026-07-30T00:00:00,1232,40,كيف اتعامل مع التوتر؟ صار يأثر على نومي,2026-07-30T16:00:00,12,demo-453
facebook,Demo Kuwait Moms Health Group,KW,,https://demo.example/facebook/3,https://demo.example/facebook/3/post3,(demo) Dealing with work stress,2026-07-30T00:00:00,1232,40,احس اني مضغوط ومستنزف من الدوام، فقدت الشغف,2026-08-02T03:00:00,5,demo-454
facebook,Demo Kuwait Moms Health Group,KW,,https://demo.example/facebook/3,https://demo.example/facebook/3/post3,(demo) Dealing with work stress,2026-07-30T00:00:00,1232,40,كيف اتعامل مع التوتر؟ صار يأثر على نومي,2026-08-10T08:00:00,2,demo-455
facebook,Demo Kuwait Moms Health Group,KW,,https://demo.example/facebook/3,https://demo.example/facebook/3/post3,(demo) Dealing with work stress,2026-07-30T00:00:00,1232,40,القلق والتفكير الزايد يمنعني انام,2026-08-13T18:00:00,0,demo-456
facebook,Demo Kuwait Moms Health Group,KW,,https://demo.example/facebook/3,https://demo.example/facebook/3/post3,(demo) Dealing with work stress,2026-07-30T00:00:00,1232,40,"stress at work is killing me, I can't switch off",2026-08-19T20:00:00,0,demo-457
facebook,Demo Kuwait Moms Health Group,KW,,https://demo.example/facebook/3,https://demo.example/facebook/3/post3,(demo) Dealing with work stress,2026-07-30T00:00:00,1232,40,القلق والتفكير الزايد يمنعني انام,2026-08-16T15:00:00,0,demo-458
facebook,Demo Kuwait Moms Health Group,KW,,https://demo.example/facebook/3,https://demo.example/facebook/3/post3,(demo) Dealing with work stress,2026-07-30T00:00:00,1232,40,احس اني مضغوط ومستنزف من الدوام، فقدت الشغف,2026-08-01T15:00:00,2,demo-459
facebook,Demo Kuwait Moms Health Group,KW,,https://demo.example/facebook/3,https://demo.example/facebook/3/post3,(demo) Dealing with work stress,2026-07-30T00:00:00,1232,40,مشكوره حبيبتي,2026-08-02T16:00:00,0,demo-460
facebook,Demo Kuwait Moms Health Group,KW,,https://demo.example/facebook/3,https://demo.example/facebook/3/post3,(demo) Dealing with work stress,2026-07-30T00:00:00,1232,40,"burnout from long hours, what helped you?",2026-08-07T01:00:00,0,demo-461
facebook,Demo Kuwait Moms Health Group,KW,,https://demo.example/facebook/3,https://demo.example/facebook/3/post3,(demo) Dealing with work stress,2026-07-30T00:00:00,1232,40,love this,2026-08-17T21:00:00,0,demo-462
facebook,Demo Kuwait Moms Health Group,KW,,https://demo.example/facebook/3,https://demo.example/facebook/3/post3,(demo) Dealing with work stress,2026-07-30T00:00:00,1232,40,للطلب تواصل واتساب [phone],2026-07-30T06:00:00,5,demo-463
facebook,Demo Kuwait Moms Health Group,KW,,https://demo.example/facebook/3,https://demo.example/facebook/3/post3,(demo) Dealing with work stress,2026-07-30T00:00:00,1232,40,follow me for more,2026-08-01T09:00:00,0,demo-464
facebook,Demo Kuwait Moms Health Group,KW,,https://demo.example/facebook/3,https://demo.example/facebook/3/post3,(demo) Dealing with work stress,2026-07-30T00:00:00,1232,40,القلق والتفكير الزايد يمنعني انام,2026-08-16T10:00:00,2,demo-465
facebook,Demo Kuwait Moms Health Group,KW,,https://demo.example/facebook/3,https://demo.example/facebook/3/post3,(demo) Dealing with work stress,2026-07-30T00:00:00,1232,40,"stress at work is killing me, I can't switch off",2026-08-15T23:00:00,1,demo-466
facebook,Demo Kuwait Moms Health Group,KW,,https://demo.example/facebook/3,https://demo.example/facebook/3/post3,(demo) Dealing with work stress,2026-07-30T00:00:00,1232,40,"totally burned out, no motivation for anything",2026-08-01T10:00:00,5,demo-467
facebook,Demo Kuwait Moms Health Group,KW,,https://demo.example/facebook/3,https://demo.example/facebook/3/post3,(demo) Dealing with work stress,2026-07-30T00:00:00,1232,40,follow me for more,2026-08-09T00:00:00,12,demo-468
facebook,Demo Kuwait Moms Health Group,KW,,https://demo.example/facebook/3,https://demo.example/facebook/3/post3,(demo) Dealing with work stress,2026-07-30T00:00:00,1232,40,الله يعطيك العافيه,2026-08-14T07:00:00,1,demo-469
facebook,Demo Kuwait Moms Health Group,KW,,https://demo.example/facebook/3,https://demo.example/facebook/3/post3,(demo) Dealing with work stress,2026-07-30T00:00:00,1232,40,follow me for more,2026-08-04T21:00:00,5,demo-470
instagram,Demo Doha Nutrition Corner,QA,Doha,https://demo.example/instagram/4,https://demo.example/instagram/4/post0,(demo) Office posture & back pain,2026-05-11T00:00:00,2469,40,اصحى بالليل اكثر من مره وما ارجع انام,2026-05-19T04:00:00,2,demo-471
instagram,Demo Doha Nutrition Corner,QA,Doha,https://demo.example/instagram/4,https://demo.example/instagram/4/post0,(demo) Office posture & back pain,2026-05-11T00:00:00,2469,40,🔥🔥🔥,2026-05-23T10:00:00,1,demo-472
instagram,Demo Doha Nutrition Corner,QA,Doha,https://demo.example/instagram/4,https://demo.example/instagram/4/post0,(demo) Office posture & back pain,2026-05-11T00:00:00,2469,40,ركبتي توجعني لما امشي، وش التمارين المناسبه؟,2026-05-25T11:00:00,1,demo-473
instagram,Demo Doha Nutrition Corner,QA,Doha,https://demo.example/instagram/4,https://demo.example/instagram/4/post0,(demo) Office posture & back pain,2026-05-11T00:00:00,2469,40,"lower back pain every morning, any physio recommendations in Dubai?",2026-05-24T14:00:00,5,demo-474
instagram,Demo Doha Nutrition Corner,QA,Doha,https://demo.example/instagram/4,https://demo.example/instagram/4/post0,(demo) Office posture & back pain,2026-05-11T00:00:00,2469,40,الم اسفل الظهر من الجلسه الطويله بالمكتب,2026-05-11T02:00:00,1,demo-475
instagram,Demo Doha Nutrition Corner,QA,Doha,https://demo.example/instagram/4,https://demo.example/instagram/4/post0,(demo) Office posture & back pain,2026-05-11T00:00:00,2469,40,"migraines every week, tried everything",2026-05-21T12:00:00,0,demo-476
instagram,Demo Doha Nutrition Corner,QA,Doha,https://demo.example/instagram/4,https://demo.example/instagram/4/post0,(demo) Office posture & back pain,2026-05-11T00:00:00,2469,40,جسمي يوجعني كله وتعبانه، من ايش ممكن؟,2026-05-13T23:00:00,5,demo-477
instagram,Demo Doha Nutrition Corner,QA,Doha,https://demo.example/instagram/4,https://demo.example/instagram/4/post0,(demo) Office posture & back pain,2026-05-11T00:00:00,2469,40,"Can't sleep since I started night shifts, any advice?",2026-05-23T05:00:00,0,demo-478
instagram,Demo Doha Nutrition Corner,QA,Doha,https://demo.example/instagram/4,https://demo.example/instagram/4/post0,(demo) Office posture & back pain,2026-05-11T00:00:00,2469,40,صداع يومي بعد الدوام، هل له علاقه بالشاشه؟,2026-05-15T02:00:00,0,demo-479
instagram,Demo Doha Nutrition Corner,QA,Doha,https://demo.example/instagram/4,https://demo.example/instagram/4/post0,(demo) Office posture & back pain,2026-05-11T00:00:00,2469,40,ركبتي توجعني لما امشي، وش التمارين المناسبه؟,2026-05-26T02:00:00,1,demo-480
instagram,Demo Doha Nutrition Corner,QA,Doha,https://demo.example/instagram/4,https://demo.example/instagram/4/post0,(demo) Office posture & back pain,2026-05-11T00:00:00,2469,40,الله يعطيك العافيه,2026-05-30T19:00:00,0,demo-481
instagram,Demo Doha Nutrition Corner,QA,Doha,https://demo.example/instagram/4,https://demo.example/instagram/4/post0,(demo) Office posture & back pain,2026-05-11T00:00:00,2469,40,ركبتي توجعني لما امشي، وش التمارين المناسبه؟,2026-05-11T12:00:00,1,demo-482
instagram,Demo Doha Nutrition Corner,QA,Doha,https://demo.example/instagram/4,https://demo.example/instagram/4/post0,(demo) Office posture & back pain,2026-05-11T00:00:00,2469,40,جسمي يوجعني كله وتعبانه، من ايش ممكن؟,2026-05-21T14:00:00,1,demo-483
instagram,Demo Doha Nutrition Corner,QA,Doha,https://demo.example/instagram/4,https://demo.example/instagram/4/post0,(demo) Office posture & back pain,2026-05-11T00:00:00,2469,40,مشكوره حبيبتي,2026-05-15T09:00:00,1,demo-484
instagram,Demo Doha Nutrition Corner,QA,Doha,https://demo.example/instagram/4,https://demo.example/instagram/4/post0,(demo) Office posture & back pain,2026-05-11T00:00:00,2469,40,great video!,2026-05-26T10:00:00,0,demo-485
instagram,Demo Doha Nutrition Corner,QA,Doha,https://demo.example/instagram/4,https://demo.example/instagram/4/post0,(demo) Office posture & back pain,2026-05-11T00:00:00,2469,40,@user @user,2026-05-31T15:00:00,5,demo-486
instagram,Demo Doha Nutrition Corner,QA,Doha,https://demo.example/instagram/4,https://demo.example/instagram/4/post0,(demo) Office posture & back pain,2026-05-11T00:00:00,2469,40,ركبتي توجعني لما امشي، وش التمارين المناسبه؟,2026-05-23T11:00:00,0,demo-487
instagram,Demo Doha Nutrition Corner,QA,Doha,https://demo.example/instagram/4,https://demo.example/instagram/4/post0,(demo) Office posture & back pain,2026-05-11T00:00:00,2469,40,"migraines every week, tried everything",2026-05-16T21:00:00,5,demo-488
instagram,Demo Doha Nutrition Corner,QA,Doha,https://demo.example/instagram/4,https://demo.example/instagram/4/post0,(demo) Office posture & back pain,2026-05-11T00:00:00,2469,40,الله يعطيك العافيه,2026-05-17T14:00:00,1,demo-489
instagram,Demo Doha Nutrition Corner,QA,Doha,https://demo.example/instagram/4,https://demo.example/instagram/4/post0,(demo) Office posture & back pain,2026-05-11T00:00:00,2469,40,جسمي يوجعني كله وتعبانه، من ايش ممكن؟,2026-05-24T21:00:00,2,demo-490
instagram,Demo Doha Nutrition Corner,QA,Doha,https://demo.example/instagram/4,https://demo.example/instagram/4/post0,(demo) Office posture & back pain,2026-05-11T00:00:00,2469,40,جربت الميلاتونين وما نفعني ابد,2026-05-19T21:00:00,0,demo-491
instagram,Demo Doha Nutrition Corner,QA,Doha,https://demo.example/instagram/4,https://demo.example/instagram/4/post0,(demo) Office posture & back pain,2026-05-11T00:00:00,2469,40,صداع يومي بعد الدوام، هل له علاقه بالشاشه؟,2026-05-13T14:00:00,5,demo-492
instagram,Demo Doha Nutrition Corner,QA,Doha,https://demo.example/instagram/4,https://demo.example/instagram/4/post0,(demo) Office posture & back pain,2026-05-11T00:00:00,2469,40,probiotics helped me with bloating honestly,2026-05-28T01:00:00,1,demo-493
instagram,Demo Doha Nutrition Corner,QA,Doha,https://demo.example/instagram/4,https://demo.example/instagram/4/post0,(demo) Office posture & back pain,2026-05-11T00:00:00,2469,40,love this,2026-05-30T20:00:00,0,demo-494
instagram,Demo Doha Nutrition Corner,QA,Doha,https://demo.example/instagram/4,https://demo.example/instagram/4/post0,(demo) Office posture & back pain,2026-05-11T00:00:00,2469,40,للطلب تواصل واتساب [phone],2026-05-16T20:00:00,5,demo-495
instagram,Demo Doha Nutrition Corner,QA,Doha,https://demo.example/instagram/4,https://demo.example/instagram/4/post0,(demo) Office posture & back pain,2026-05-11T00:00:00,2469,40,خمول طول اليوم وما عندي طاقه للرياضه,2026-05-21T13:00:00,0,demo-496
instagram,Demo Doha Nutrition Corner,QA,Doha,https://demo.example/instagram/4,https://demo.example/instagram/4/post0,(demo) Office posture & back pain,2026-05-11T00:00:00,2469,40,"lower back pain every morning, any physio recommendations in Dubai?",2026-05-27T23:00:00,5,demo-497
instagram,Demo Doha Nutrition Corner,QA,Doha,https://demo.example/instagram/4,https://demo.example/instagram/4/post0,(demo) Office posture & back pain,2026-05-11T00:00:00,2469,40,"migraines every week, tried everything",2026-05-18T14:00:00,1,demo-498
instagram,Demo Doha Nutrition Corner,QA,Doha,https://demo.example/instagram/4,https://demo.example/instagram/4/post0,(demo) Office posture & back pain,2026-05-11T00:00:00,2469,40,شد عضلي في الرقبه والكتف من الجوال,2026-05-29T22:00:00,5,demo-499
instagram,Demo Doha Nutrition Corner,QA,Doha,https://demo.example/instagram/4,https://demo.example/instagram/4/post0,(demo) Office posture & back pain,2026-05-11T00:00:00,2469,40,الم اسفل الظهر من الجلسه الطويله بالمكتب,2026-05-26T03:00:00,1,demo-500
instagram,Demo Doha Nutrition Corner,QA,Doha,https://demo.example/instagram/4,https://demo.example/instagram/4/post0,(demo) Office posture & back pain,2026-05-11T00:00:00,2469,40,شكرا على المعلومات,2026-05-14T23:00:00,0,demo-501
instagram,Demo Doha Nutrition Corner,QA,Doha,https://demo.example/instagram/4,https://demo.example/instagram/4/post0,(demo) Office posture & back pain,2026-05-11T00:00:00,2469,40,صداع يومي بعد الدوام، هل له علاقه بالشاشه؟,2026-05-17T16:00:00,2,demo-502
instagram,Demo Doha Nutrition Corner,QA,Doha,https://demo.example/instagram/4,https://demo.example/instagram/4/post0,(demo) Office posture & back pain,2026-05-11T00:00:00,2469,40,صداع يومي بعد الدوام، هل له علاقه بالشاشه؟,2026-05-25T10:00:00,0,demo-503
instagram,Demo Doha Nutrition Corner,QA,Doha,https://demo.example/instagram/4,https://demo.example/instagram/4/post0,(demo) Office posture & back pain,2026-05-11T00:00:00,2469,40,شد عضلي في الرقبه والكتف من الجوال,2026-05-14T00:00:00,1,demo-504
instagram,Demo Doha Nutrition Corner,QA,Doha,https://demo.example/instagram/4,https://demo.example/instagram/4/post0,(demo) Office posture & back pain,2026-05-11T00:00:00,2469,40,جسمي يوجعني كله وتعبانه، من ايش ممكن؟,2026-05-16T23:00:00,0,demo-505
instagram,Demo Doha Nutrition Corner,QA,Doha,https://demo.example/instagram/4,https://demo.example/instagram/4/post0,(demo) Office posture & back pain,2026-05-11T00:00:00,2469,40,"lower back pain every morning, any physio recommendations in Dubai?",2026-05-21T17:00:00,2,demo-506
instagram,Demo Doha Nutrition Corner,QA,Doha,https://demo.example/instagram/4,https://demo.example/instagram/4/post0,(demo) Office posture & back pain,2026-05-11T00:00:00,2469,40,صداع يومي بعد الدوام، هل له علاقه بالشاشه؟,2026-05-31T05:00:00,0,demo-507
instagram,Demo Doha Nutrition Corner,QA,Doha,https://demo.example/instagram/4,https://demo.example/instagram/4/post0,(demo) Office posture & back pain,2026-05-11T00:00:00,2469,40,walking 10k steps changed my life,2026-05-11T23:00:00,5,demo-508
instagram,Demo Doha Nutrition Corner,QA,Doha,https://demo.example/instagram/4,https://demo.example/instagram/4/post0,(demo) Office posture & back pain,2026-05-11T00:00:00,2469,40,صداع يومي بعد الدوام، هل له علاقه بالشاشه؟,2026-05-23T00:00:00,12,demo-509
instagram,Demo Doha Nutrition Corner,QA,Doha,https://demo.example/instagram/4,https://demo.example/instagram/4/post0,(demo) Office posture & back pain,2026-05-11T00:00:00,2469,40,جسمي يوجعني كله وتعبانه، من ايش ممكن؟,2026-05-13T18:00:00,0,demo-510
instagram,Demo Doha Nutrition Corner,QA,Doha,https://demo.example/instagram/4,https://demo.example/instagram/4/post1,(demo) Why you feel tired all the time,2026-06-16T00:00:00,2720,21,دايما تعبانه حتى لو نمت بدري، هل هذا طبيعي؟,2026-07-02T20:00:00,1,demo-511
instagram,Demo Doha Nutrition Corner,QA,Doha,https://demo.example/instagram/4,https://demo.example/instagram/4/post1,(demo) Why you feel tired all the time,2026-06-16T00:00:00,2720,21,خمول طول اليوم وما عندي طاقه للرياضه,2026-07-04T03:00:00,1,demo-512
instagram,Demo Doha Nutrition Corner,QA,Doha,https://demo.example/instagram/4,https://demo.example/instagram/4/post1,(demo) Why you feel tired all the time,2026-06-16T00:00:00,2720,21,مشكوره حبيبتي,2026-06-21T21:00:00,12,demo-513
instagram,Demo Doha Nutrition Corner,QA,Doha,https://demo.example/instagram/4,https://demo.example/instagram/4/post1,(demo) Why you feel tired all the time,2026-06-16T00:00:00,2720,21,مشكوره حبيبتي,2026-06-18T21:00:00,0,demo-514
instagram,Demo Doha Nutrition Corner,QA,Doha,https://demo.example/instagram/4,https://demo.example/instagram/4/post1,(demo) Why you feel tired all the time,2026-06-16T00:00:00,2720,21,"Always tired at work by 2pm, what should I do?",2026-06-19T05:00:00,1,demo-515
instagram,Demo Doha Nutrition Corner,QA,Doha,https://demo.example/instagram/4,https://demo.example/instagram/4/post1,(demo) Why you feel tired all the time,2026-06-16T00:00:00,2720,21,خمول طول اليوم وما عندي طاقه للرياضه,2026-06-29T19:00:00,0,demo-516
instagram,Demo Doha Nutrition Corner,QA,Doha,https://demo.example/instagram/4,https://demo.example/instagram/4/post1,(demo) Why you feel tired all the time,2026-06-16T00:00:00,2720,21,طاقتي تنزل بعد الغدا على طول، احد عنده نفس المشكله؟,2026-07-01T20:00:00,5,demo-517
instagram,Demo Doha Nutrition Corner,QA,Doha,https://demo.example/instagram/4,https://demo.example/instagram/4/post1,(demo) Why you feel tired all the time,2026-06-16T00:00:00,2720,21,🔥🔥🔥,2026-07-03T05:00:00,2,demo-518
instagram,Demo Doha Nutrition Corner,QA,Doha,https://demo.example/instagram/4,https://demo.example/instagram/4/post1,(demo) Why you feel tired all the time,2026-06-16T00:00:00,2720,21,"ana ta3bana wayed mn el dawam, ma fini 7eil",2026-06-30T19:00:00,0,demo-519
instagram,Demo Doha Nutrition Corner,QA,Doha,https://demo.example/instagram/4,https://demo.example/instagram/4/post1,(demo) Why you feel tired all the time,2026-06-16T00:00:00,2720,21,الله يعطيك العافيه,2026-06-20T06:00:00,2,demo-520
instagram,Demo Doha Nutrition Corner,QA,Doha,https://demo.example/instagram/4,https://demo.example/instagram/4/post1,(demo) Why you feel tired all the time,2026-06-16T00:00:00,2720,21,دايما تعبانه حتى لو نمت بدري، هل هذا طبيعي؟,2026-06-29T21:00:00,2,demo-521
instagram,Demo Doha Nutrition Corner,QA,Doha,https://demo.example/instagram/4,https://demo.example/instagram/4/post1,(demo) Why you feel tired all the time,2026-06-16T00:00:00,2720,21,امساك مستمر وجربت كل شي,2026-07-01T05:00:00,0,demo-522
instagram,Demo Doha Nutrition Corner,QA,Doha,https://demo.example/instagram/4,https://demo.example/instagram/4/post1,(demo) Why you feel tired all the time,2026-06-16T00:00:00,2720,21,I'm exhausted every morning even after 8 hours of sleep,2026-06-25T01:00:00,1,demo-523
instagram,Demo Doha Nutrition Corner,QA,Doha,https://demo.example/instagram/4,https://demo.example/instagram/4/post1,(demo) Why you feel tired all the time,2026-06-16T00:00:00,2720,21,طاقتي تنزل بعد الغدا على طول، احد عنده نفس المشكله؟,2026-06-30T18:00:00,12,demo-524
instagram,Demo Doha Nutrition Corner,QA,Doha,https://demo.example/instagram/4,https://demo.example/instagram/4/post1,(demo) Why you feel tired all the time,2026-06-16T00:00:00,2720,21,اصحى من النوم وانا مرهق كأني ما نمت، ليش؟,2026-07-04T03:00:00,1,demo-525
instagram,Demo Doha Nutrition Corner,QA,Doha,https://demo.example/instagram/4,https://demo.example/instagram/4/post1,(demo) Why you feel tired all the time,2026-06-16T00:00:00,2720,21,للطلب تواصل واتساب [phone],2026-07-03T01:00:00,12,demo-526
instagram,Demo Doha Nutrition Corner,QA,Doha,https://demo.example/instagram/4,https://demo.example/instagram/4/post1,(demo) Why you feel tired all the time,2026-06-16T00:00:00,2720,21,خمول طول اليوم وما عندي طاقه للرياضه,2026-06-19T23:00:00,12,demo-527
instagram,Demo Doha Nutrition Corner,QA,Doha,https://demo.example/instagram/4,https://demo.example/instagram/4/post1,(demo) Why you feel tired all the time,2026-06-16T00:00:00,2720,21,صار لي سنه تعبانه وما فيني حيل، وش الحل؟,2026-06-30T08:00:00,1,demo-528
instagram,Demo Doha Nutrition Corner,QA,Doha,https://demo.example/instagram/4,https://demo.example/instagram/4/post1,(demo) Why you feel tired all the time,2026-06-16T00:00:00,2720,21,اصحى من النوم وانا مرهق كأني ما نمت، ليش؟,2026-06-23T06:00:00,12,demo-529
instagram,Demo Doha Nutrition Corner,QA,Doha,https://demo.example/instagram/4,https://demo.example/instagram/4/post1,(demo) Why you feel tired all the time,2026-06-16T00:00:00,2720,21,جسمي يوجعني كله وتعبانه، من ايش ممكن؟,2026-07-05T20:00:00,2,demo-530
instagram,Demo Doha Nutrition Corner,QA,Doha,https://demo.example/instagram/4,https://demo.example/instagram/4/post1,(demo) Why you feel tired all the time,2026-06-16T00:00:00,2720,21,جربت الميلاتونين وما نفعني ابد,2026-06-22T01:00:00,5,demo-531
instagram,Demo Doha Nutrition Corner,QA,Doha,https://demo.example/instagram/4,https://demo.example/instagram/4/post2,(demo) Gut health basics,2026-07-08T00:00:00,2352,34,gut health is a mess since I moved to Dubai,2026-07-17T18:00:00,1,demo-532
instagram,Demo Doha Nutrition Corner,QA,Doha,https://demo.example/instagram/4,https://demo.example/instagram/4/post2,(demo) Gut health basics,2026-07-08T00:00:00,2352,34,شكرا على المعلومات,2026-07-12T13:00:00,0,demo-533
instagram,Demo Doha Nutrition Corner,QA,Doha,https://demo.example/instagram/4,https://demo.example/instagram/4/post2,(demo) Gut health basics,2026-07-08T00:00:00,2352,34,🔥🔥🔥,2026-07-12T07:00:00,0,demo-534
instagram,Demo Doha Nutrition Corner,QA,Doha,https://demo.example/instagram/4,https://demo.example/instagram/4/post2,(demo) Gut health basics,2026-07-08T00:00:00,2352,34,حموضه وارتجاع من فتره، ايش الاكل اللي يساعد؟,2026-07-20T15:00:00,0,demo-535
instagram,Demo Doha Nutrition Corner,QA,Doha,https://demo.example/instagram/4,https://demo.example/instagram/4/post2,(demo) Gut health basics,2026-07-08T00:00:00,2352,34,شد عضلي في الرقبه والكتف من الجوال,2026-07-21T12:00:00,2,demo-536
instagram,Demo Doha Nutrition Corner,QA,Doha,https://demo.example/instagram/4,https://demo.example/instagram/4/post2,(demo) Gut health basics,2026-07-08T00:00:00,2352,34,اصحى من النوم وانا مرهق كأني ما نمت، ليش؟,2026-07-20T16:00:00,12,demo-537
instagram,Demo Doha Nutrition Corner,QA,Doha,https://demo.example/instagram/4,https://demo.example/instagram/4/post2,(demo) Gut health basics,2026-07-08T00:00:00,2352,34,overthinking every night and anxious about everything,2026-07-22T15:00:00,1,demo-538
instagram,Demo Doha Nutrition Corner,QA,Doha,https://demo.example/instagram/4,https://demo.example/instagram/4/post2,(demo) Gut health basics,2026-07-08T00:00:00,2352,34,القولون العصبي تعبني، تعرفون دكتور زين في الرياض؟,2026-07-22T20:00:00,12,demo-539
instagram,Demo Doha Nutrition Corner,QA,Doha,https://demo.example/instagram/4,https://demo.example/instagram/4/post2,(demo) Gut health basics,2026-07-08T00:00:00,2352,34,القولون العصبي تعبني، تعرفون دكتور زين في الرياض؟,2026-07-25T12:00:00,0,demo-540
instagram,Demo Doha Nutrition Corner,QA,Doha,https://demo.example/instagram/4,https://demo.example/instagram/4/post2,(demo) Gut health basics,2026-07-08T00:00:00,2352,34,الله يعطيك العافيه,2026-07-16T10:00:00,1,demo-541
instagram,Demo Doha Nutrition Corner,QA,Doha,https://demo.example/instagram/4,https://demo.example/instagram/4/post2,(demo) Gut health basics,2026-07-08T00:00:00,2352,34,"bloated after every meal, is it normal?",2026-07-26T15:00:00,1,demo-542
instagram,Demo Doha Nutrition Corner,QA,Doha,https://demo.example/instagram/4,https://demo.example/instagram/4/post2,(demo) Gut health basics,2026-07-08T00:00:00,2352,34,ماشاء الله تبارك الله 😍,2026-07-11T20:00:00,2,demo-543
instagram,Demo Doha Nutrition Corner,QA,Doha,https://demo.example/instagram/4,https://demo.example/instagram/4/post2,(demo) Gut health basics,2026-07-08T00:00:00,2352,34,"bloated after every meal, is it normal?",2026-07-22T14:00:00,0,demo-544
instagram,Demo Doha Nutrition Corner,QA,Doha,https://demo.example/instagram/4,https://demo.example/instagram/4/post2,(demo) Gut health basics,2026-07-08T00:00:00,2352,34,"bloated after every meal, is it normal?",2026-07-28T09:00:00,0,demo-545
instagram,Demo Doha Nutrition Corner,QA,Doha,https://demo.example/instagram/4,https://demo.example/instagram/4/post2,(demo) Gut health basics,2026-07-08T00:00:00,2352,34,القولون عندي يزيد مع التوتر، احد جرب شي نفع؟,2026-07-16T02:00:00,1,demo-546
instagram,Demo Doha Nutrition Corner,QA,Doha,https://demo.example/instagram/4,https://demo.example/instagram/4/post2,(demo) Gut health basics,2026-07-08T00:00:00,2352,34,🔥🔥🔥,2026-07-09T12:00:00,12,demo-547
instagram,Demo Doha Nutrition Corner,QA,Doha,https://demo.example/instagram/4,https://demo.example/instagram/4/post2,(demo) Gut health basics,2026-07-08T00:00:00,2352,34,"totally burned out, no motivation for anything",2026-07-21T20:00:00,0,demo-548
instagram,Demo Doha Nutrition Corner,QA,Doha,https://demo.example/instagram/4,https://demo.example/instagram/4/post2,(demo) Gut health basics,2026-07-08T00:00:00,2352,34,حموضه وارتجاع من فتره، ايش الاكل اللي يساعد؟,2026-07-23T02:00:00,0,demo-549
instagram,Demo Doha Nutrition Corner,QA,Doha,https://demo.example/instagram/4,https://demo.example/instagram/4/post2,(demo) Gut health basics,2026-07-08T00:00:00,2352,34,امساك مستمر وجربت كل شي,2026-07-08T00:00:00,12,demo-550
instagram,Demo Doha Nutrition Corner,QA,Doha,https://demo.example/instagram/4,https://demo.example/instagram/4/post2,(demo) Gut health basics,2026-07-08T00:00:00,2352,34,follow me for more,2026-07-12T15:00:00,0,demo-551
instagram,Demo Doha Nutrition Corner,QA,Doha,https://demo.example/instagram/4,https://demo.example/instagram/4/post2,(demo) Gut health basics,2026-07-08T00:00:00,2352,34,القولون العصبي تعبني، تعرفون دكتور زين في الرياض؟,2026-07-11T10:00:00,1,demo-552
instagram,Demo Doha Nutrition Corner,QA,Doha,https://demo.example/instagram/4,https://demo.example/instagram/4/post2,(demo) Gut health basics,2026-07-08T00:00:00,2352,34,"bloated after every meal, is it normal?",2026-07-28T21:00:00,0,demo-553
instagram,Demo Doha Nutrition Corner,QA,Doha,https://demo.example/instagram/4,https://demo.example/instagram/4/post2,(demo) Gut health basics,2026-07-08T00:00:00,2352,34,انتفاخ كل يوم بعد الاكل، وش السبب؟,2026-07-27T20:00:00,0,demo-554
instagram,Demo Doha Nutrition Corner,QA,Doha,https://demo.example/instagram/4,https://demo.example/instagram/4/post2,(demo) Gut health basics,2026-07-08T00:00:00,2352,34,حموضه وارتجاع من فتره، ايش الاكل اللي يساعد؟,2026-07-28T23:00:00,0,demo-555
instagram,Demo Doha Nutrition Corner,QA,Doha,https://demo.example/instagram/4,https://demo.example/instagram/4/post2,(demo) Gut health basics,2026-07-08T00:00:00,2352,34,امساك مستمر وجربت كل شي,2026-07-14T02:00:00,0,demo-556
instagram,Demo Doha Nutrition Corner,QA,Doha,https://demo.example/instagram/4,https://demo.example/instagram/4/post2,(demo) Gut health basics,2026-07-08T00:00:00,2352,34,مشكوره حبيبتي,2026-07-20T11:00:00,2,demo-557
instagram,Demo Doha Nutrition Corner,QA,Doha,https://demo.example/instagram/4,https://demo.example/instagram/4/post2,(demo) Gut health basics,2026-07-08T00:00:00,2352,34,great video!,2026-07-16T20:00:00,0,demo-558
instagram,Demo Doha Nutrition Corner,QA,Doha,https://demo.example/instagram/4,https://demo.example/instagram/4/post2,(demo) Gut health basics,2026-07-08T00:00:00,2352,34,magnesium before bed helped me sleep so much better,2026-07-08T21:00:00,1,demo-559
instagram,Demo Doha Nutrition Corner,QA,Doha,https://demo.example/instagram/4,https://demo.example/instagram/4/post2,(demo) Gut health basics,2026-07-08T00:00:00,2352,34,حموضه وارتجاع من فتره، ايش الاكل اللي يساعد؟,2026-07-20T09:00:00,12,demo-560
instagram,Demo Doha Nutrition Corner,QA,Doha,https://demo.example/instagram/4,https://demo.example/instagram/4/post2,(demo) Gut health basics,2026-07-08T00:00:00,2352,34,great video!,2026-07-23T12:00:00,0,demo-561
instagram,Demo Doha Nutrition Corner,QA,Doha,https://demo.example/instagram/4,https://demo.example/instagram/4/post2,(demo) Gut health basics,2026-07-08T00:00:00,2352,34,القولون العصبي تعبني، تعرفون دكتور زين في الرياض؟,2026-07-24T00:00:00,1,demo-562
instagram,Demo Doha Nutrition Corner,QA,Doha,https://demo.example/instagram/4,https://demo.example/instagram/4/post2,(demo) Gut health basics,2026-07-08T00:00:00,2352,34,probiotics helped me with bloating honestly,2026-07-19T17:00:00,12,demo-563
instagram,Demo Doha Nutrition Corner,QA,Doha,https://demo.example/instagram/4,https://demo.example/instagram/4/post2,(demo) Gut health basics,2026-07-08T00:00:00,2352,34,شكرا على المعلومات,2026-07-08T18:00:00,0,demo-564
instagram,Demo Doha Nutrition Corner,QA,Doha,https://demo.example/instagram/4,https://demo.example/instagram/4/post2,(demo) Gut health basics,2026-07-08T00:00:00,2352,34,انتفاخ كل يوم بعد الاكل، وش السبب؟,2026-07-09T12:00:00,5,demo-565
instagram,Demo Doha Nutrition Corner,QA,Doha,https://demo.example/instagram/4,https://demo.example/instagram/4/post3,(demo) Dealing with work stress,2026-07-20T00:00:00,4154,39,القلق والتفكير الزايد يمنعني انام,2026-07-22T20:00:00,5,demo-566
instagram,Demo Doha Nutrition Corner,QA,Doha,https://demo.example/instagram/4,https://demo.example/instagram/4/post3,(demo) Dealing with work stress,2026-07-20T00:00:00,4154,39,ركبتي توجعني لما امشي، وش التمارين المناسبه؟,2026-07-22T09:00:00,0,demo-567
instagram,Demo Doha Nutrition Corner,QA,Doha,https://demo.example/instagram/4,https://demo.example/instagram/4/post3,(demo) Dealing with work stress,2026-07-20T00:00:00,4154,39,🔥🔥🔥,2026-08-06T10:00:00,2,demo-568
instagram,Demo Doha Nutrition Corner,QA,Doha,https://demo.example/instagram/4,https://demo.example/instagram/4/post3,(demo) Dealing with work stress,2026-07-20T00:00:00,4154,39,جسمي يوجعني كله وتعبانه، من ايش ممكن؟,2026-08-09T21:00:00,12,demo-569
instagram,Demo Doha Nutrition Corner,QA,Doha,https://demo.example/instagram/4,https://demo.example/instagram/4/post3,(demo) Dealing with work stress,2026-07-20T00:00:00,4154,39,القلق والتفكير الزايد يمنعني انام,2026-07-27T01:00:00,0,demo-570
instagram,Demo Doha Nutrition Corner,QA,Doha,https://demo.example/instagram/4,https://demo.example/instagram/4/post3,(demo) Dealing with work stress,2026-07-20T00:00:00,4154,39,شكرا على المعلومات,2026-08-03T19:00:00,5,demo-571
instagram,Demo Doha Nutrition Corner,QA,Doha,https://demo.example/instagram/4,https://demo.example/instagram/4/post3,(demo) Dealing with work stress,2026-07-20T00:00:00,4154,39,احس اني مضغوط ومستنزف من الدوام، فقدت الشغف,2026-07-23T00:00:00,12,demo-572
instagram,Demo Doha Nutrition Corner,QA,Doha,https://demo.example/instagram/4,https://demo.example/instagram/4/post3,(demo) Dealing with work stress,2026-07-20T00:00:00,4154,39,"Can't sleep since I started night shifts, any advice?",2026-08-04T11:00:00,5,demo-573
instagram,Demo Doha Nutrition Corner,QA,Doha,https://demo.example/instagram/4,https://demo.example/instagram/4/post3,(demo) Dealing with work stress,2026-07-20T00:00:00,4154,39,@user @user,2026-07-25T11:00:00,0,demo-574
instagram,Demo Doha Nutrition Corner,QA,Doha,https://demo.example/instagram/4,https://demo.example/instagram/4/post3,(demo) Dealing with work stress,2026-07-20T00:00:00,4154,39,@user @user,2026-07-23T00:00:00,1,demo-575
instagram,Demo Doha Nutrition Corner,QA,Doha,https://demo.example/instagram/4,https://demo.example/instagram/4/post3,(demo) Dealing with work stress,2026-07-20T00:00:00,4154,39,"stress at work is killing me, I can't switch off",2026-07-28T22:00:00,5,demo-576
instagram,Demo Doha Nutrition Corner,QA,Doha,https://demo.example/instagram/4,https://demo.example/instagram/4/post3,(demo) Dealing with work stress,2026-07-20T00:00:00,4154,39,"burnout from long hours, what helped you?",2026-08-05T11:00:00,0,demo-577
instagram,Demo Doha Nutrition Corner,QA,Doha,https://demo.example/instagram/4,https://demo.example/instagram/4/post3,(demo) Dealing with work stress,2026-07-20T00:00:00,4154,39,🔥🔥🔥,2026-07-31T05:00:00,1,demo-578
instagram,Demo Doha Nutrition Corner,QA,Doha,https://demo.example/instagram/4,https://demo.example/instagram/4/post3,(demo) Dealing with work stress,2026-07-20T00:00:00,4154,39,شكرا على المعلومات,2026-07-27T23:00:00,5,demo-579
instagram,Demo Doha Nutrition Corner,QA,Doha,https://demo.example/instagram/4,https://demo.example/instagram/4/post3,(demo) Dealing with work stress,2026-07-20T00:00:00,4154,39,ضغط الشغل مخليني متوتره طول الوقت,2026-07-27T01:00:00,2,demo-580
instagram,Demo Doha Nutrition Corner,QA,Doha,https://demo.example/instagram/4,https://demo.example/instagram/4/post3,(demo) Dealing with work stress,2026-07-20T00:00:00,4154,39,احس اني مضغوط ومستنزف من الدوام، فقدت الشغف,2026-07-25T01:00:00,5,demo-581
instagram,Demo Doha Nutrition Corner,QA,Doha,https://demo.example/instagram/4,https://demo.example/instagram/4/post3,(demo) Dealing with work stress,2026-07-20T00:00:00,4154,39,walking 10k steps changed my life,2026-07-27T10:00:00,0,demo-582
instagram,Demo Doha Nutrition Corner,QA,Doha,https://demo.example/instagram/4,https://demo.example/instagram/4/post3,(demo) Dealing with work stress,2026-07-20T00:00:00,4154,39,للطلب تواصل واتساب [phone],2026-07-28T02:00:00,5,demo-583
instagram,Demo Doha Nutrition Corner,QA,Doha,https://demo.example/instagram/4,https://demo.example/instagram/4/post3,(demo) Dealing with work stress,2026-07-20T00:00:00,4154,39,ضغط الشغل مخليني متوتره طول الوقت,2026-07-25T07:00:00,5,demo-584
instagram,Demo Doha Nutrition Corner,QA,Doha,https://demo.example/instagram/4,https://demo.example/instagram/4/post3,(demo) Dealing with work stress,2026-07-20T00:00:00,4154,39,شكرا على المعلومات,2026-08-03T09:00:00,1,demo-585
instagram,Demo Doha Nutrition Corner,QA,Doha,https://demo.example/instagram/4,https://demo.example/instagram/4/post3,(demo) Dealing with work stress,2026-07-20T00:00:00,4154,39,"burnout from long hours, what helped you?",2026-07-20T11:00:00,0,demo-586
instagram,Demo Doha Nutrition Corner,QA,Doha,https://demo.example/instagram/4,https://demo.example/instagram/4/post3,(demo) Dealing with work stress,2026-07-20T00:00:00,4154,39,كيف اتعامل مع التوتر؟ صار يأثر على نومي,2026-08-08T07:00:00,2,demo-587
instagram,Demo Doha Nutrition Corner,QA,Doha,https://demo.example/instagram/4,https://demo.example/instagram/4/post3,(demo) Dealing with work stress,2026-07-20T00:00:00,4154,39,"burnout from long hours, what helped you?",2026-07-26T23:00:00,5,demo-588
instagram,Demo Doha Nutrition Corner,QA,Doha,https://demo.example/instagram/4,https://demo.example/instagram/4/post3,(demo) Dealing with work stress,2026-07-20T00:00:00,4154,39,القلق والتفكير الزايد يمنعني انام,2026-07-20T07:00:00,5,demo-589
instagram,Demo Doha Nutrition Corner,QA,Doha,https://demo.example/instagram/4,https://demo.example/instagram/4/post3,(demo) Dealing with work stress,2026-07-20T00:00:00,4154,39,ضغط الشغل مخليني متوتره طول الوقت,2026-07-30T00:00:00,12,demo-590
instagram,Demo Doha Nutrition Corner,QA,Doha,https://demo.example/instagram/4,https://demo.example/instagram/4/post3,(demo) Dealing with work stress,2026-07-20T00:00:00,4154,39,@user @user,2026-07-23T06:00:00,5,demo-591
instagram,Demo Doha Nutrition Corner,QA,Doha,https://demo.example/instagram/4,https://demo.example/instagram/4/post3,(demo) Dealing with work stress,2026-07-20T00:00:00,4154,39,ضغط الشغل مخليني متوتره طول الوقت,2026-07-24T22:00:00,1,demo-592
instagram,Demo Doha Nutrition Corner,QA,Doha,https://demo.example/instagram/4,https://demo.example/instagram/4/post3,(demo) Dealing with work stress,2026-07-20T00:00:00,4154,39,"totally burned out, no motivation for anything",2026-08-05T13:00:00,12,demo-593
instagram,Demo Doha Nutrition Corner,QA,Doha,https://demo.example/instagram/4,https://demo.example/instagram/4/post3,(demo) Dealing with work stress,2026-07-20T00:00:00,4154,39,"stress at work is killing me, I can't switch off",2026-08-07T03:00:00,5,demo-594
instagram,Demo Doha Nutrition Corner,QA,Doha,https://demo.example/instagram/4,https://demo.example/instagram/4/post3,(demo) Dealing with work stress,2026-07-20T00:00:00,4154,39,"wake up at night at 3am every day, is it normal?",2026-07-22T18:00:00,5,demo-595
instagram,Demo Doha Nutrition Corner,QA,Doha,https://demo.example/instagram/4,https://demo.example/instagram/4/post3,(demo) Dealing with work stress,2026-07-20T00:00:00,4154,39,احس اني مضغوط ومستنزف من الدوام، فقدت الشغف,2026-07-27T09:00:00,1,demo-596
instagram,Demo Doha Nutrition Corner,QA,Doha,https://demo.example/instagram/4,https://demo.example/instagram/4/post3,(demo) Dealing with work stress,2026-07-20T00:00:00,4154,39,follow me for more,2026-07-30T10:00:00,2,demo-597
instagram,Demo Doha Nutrition Corner,QA,Doha,https://demo.example/instagram/4,https://demo.example/instagram/4/post3,(demo) Dealing with work stress,2026-07-20T00:00:00,4154,39,"totally burned out, no motivation for anything",2026-07-24T18:00:00,0,demo-598
instagram,Demo Doha Nutrition Corner,QA,Doha,https://demo.example/instagram/4,https://demo.example/instagram/4/post3,(demo) Dealing with work stress,2026-07-20T00:00:00,4154,39,"burnout from long hours, what helped you?",2026-08-03T10:00:00,2,demo-599
instagram,Demo Doha Nutrition Corner,QA,Doha,https://demo.example/instagram/4,https://demo.example/instagram/4/post3,(demo) Dealing with work stress,2026-07-20T00:00:00,4154,39,"totally burned out, no motivation for anything",2026-08-03T09:00:00,2,demo-600
instagram,Demo Doha Nutrition Corner,QA,Doha,https://demo.example/instagram/4,https://demo.example/instagram/4/post3,(demo) Dealing with work stress,2026-07-20T00:00:00,4154,39,شكرا على المعلومات,2026-07-25T21:00:00,1,demo-601
instagram,Demo Doha Nutrition Corner,QA,Doha,https://demo.example/instagram/4,https://demo.example/instagram/4/post3,(demo) Dealing with work stress,2026-07-20T00:00:00,4154,39,ابي انزل وزن بس ما عندي وقت للجيم، وش تنصحون؟,2026-07-26T10:00:00,0,demo-602
instagram,Demo Doha Nutrition Corner,QA,Doha,https://demo.example/instagram/4,https://demo.example/instagram/4/post3,(demo) Dealing with work stress,2026-07-20T00:00:00,4154,39,"ana ta3bana wayed mn el dawam, ma fini 7eil",2026-08-01T16:00:00,0,demo-603
instagram,Demo Doha Nutrition Corner,QA,Doha,https://demo.example/instagram/4,https://demo.example/instagram/4/post3,(demo) Dealing with work stress,2026-07-20T00:00:00,4154,39,احس اني مضغوط ومستنزف من الدوام، فقدت الشغف,2026-07-20T12:00:00,2,demo-604
reddit,Demo r/GulfExpatHealth,AE,,https://demo.example/reddit/5,https://demo.example/reddit/5/post0,(demo) Healthy habits for busy people,2026-06-01T00:00:00,825,29,🔥🔥🔥,2026-06-04T00:00:00,0,demo-605
reddit,Demo r/GulfExpatHealth,AE,,https://demo.example/reddit/5,https://demo.example/reddit/5/post0,(demo) Healthy habits for busy people,2026-06-01T00:00:00,825,29,في الصيام طاقتي تنزل مره وش السبب؟,2026-06-13T11:00:00,12,demo-606
reddit,Demo r/GulfExpatHealth,AE,,https://demo.example/reddit/5,https://demo.example/reddit/5/post0,(demo) Healthy habits for busy people,2026-06-01T00:00:00,825,29,شكرا على المعلومات,2026-06-19T18:00:00,1,demo-607
reddit,Demo r/GulfExpatHealth,AE,,https://demo.example/reddit/5,https://demo.example/reddit/5/post0,(demo) Healthy habits for busy people,2026-06-01T00:00:00,825,29,ابي انزل وزن بس ما عندي وقت للجيم، وش تنصحون؟,2026-06-07T20:00:00,2,demo-608
reddit,Demo r/GulfExpatHealth,AE,,https://demo.example/reddit/5,https://demo.example/reddit/5/post0,(demo) Healthy habits for busy people,2026-06-01T00:00:00,825,29,في الصيام طاقتي تنزل مره وش السبب؟,2026-06-11T03:00:00,0,demo-609
reddit,Demo r/GulfExpatHealth,AE,,https://demo.example/reddit/5,https://demo.example/reddit/5/post0,(demo) Healthy habits for busy people,2026-06-01T00:00:00,825,29,رجيم الكيتو نفعني بس رجع الوزن,2026-06-14T23:00:00,2,demo-610
reddit,Demo r/GulfExpatHealth,AE,,https://demo.example/reddit/5,https://demo.example/reddit/5/post0,(demo) Healthy habits for busy people,2026-06-01T00:00:00,825,29,how do I build a healthy routine with long working hours?,2026-06-14T05:00:00,1,demo-611
reddit,Demo r/GulfExpatHealth,AE,,https://demo.example/reddit/5,https://demo.example/reddit/5/post0,(demo) Healthy habits for busy people,2026-06-01T00:00:00,825,29,@user @user,2026-06-09T14:00:00,0,demo-612
reddit,Demo r/GulfExpatHealth,AE,,https://demo.example/reddit/5,https://demo.example/reddit/5/post0,(demo) Healthy habits for busy people,2026-06-01T00:00:00,825,29,"low energy for months now, tried vitamins and nothing works",2026-06-08T20:00:00,1,demo-613
reddit,Demo r/GulfExpatHealth,AE,,https://demo.example/reddit/5,https://demo.example/reddit/5/post0,(demo) Healthy habits for busy people,2026-06-01T00:00:00,825,29,رجيم الكيتو نفعني بس رجع الوزن,2026-06-16T01:00:00,0,demo-614
reddit,Demo r/GulfExpatHealth,AE,,https://demo.example/reddit/5,https://demo.example/reddit/5/post0,(demo) Healthy habits for busy people,2026-06-01T00:00:00,825,29,walking 10k steps changed my life,2026-06-07T20:00:00,5,demo-615
reddit,Demo r/GulfExpatHealth,AE,,https://demo.example/reddit/5,https://demo.example/reddit/5/post0,(demo) Healthy habits for busy people,2026-06-01T00:00:00,825,29,ما اقدر انام قبل الساعه 3 الفجر، كيف اعدل نومي؟,2026-06-13T22:00:00,1,demo-616
reddit,Demo r/GulfExpatHealth,AE,,https://demo.example/reddit/5,https://demo.example/reddit/5/post0,(demo) Healthy habits for busy people,2026-06-01T00:00:00,825,29,walking 10k steps changed my life,2026-06-12T18:00:00,5,demo-617
reddit,Demo r/GulfExpatHealth,AE,,https://demo.example/reddit/5,https://demo.example/reddit/5/post0,(demo) Healthy habits for busy people,2026-06-01T00:00:00,825,29,what's a good diet for more energy?,2026-06-01T10:00:00,5,demo-618
reddit,Demo r/GulfExpatHealth,AE,,https://demo.example/reddit/5,https://demo.example/reddit/5/post0,(demo) Healthy habits for busy people,2026-06-01T00:00:00,825,29,في الصيام طاقتي تنزل مره وش السبب؟,2026-06-09T01:00:00,2,demo-619
reddit,Demo r/GulfExpatHealth,AE,,https://demo.example/reddit/5,https://demo.example/reddit/5/post0,(demo) Healthy habits for busy people,2026-06-01T00:00:00,825,29,رجيم الكيتو نفعني بس رجع الوزن,2026-06-08T05:00:00,0,demo-620
reddit,Demo r/GulfExpatHealth,AE,,https://demo.example/reddit/5,https://demo.example/reddit/5/post0,(demo) Healthy habits for busy people,2026-06-01T00:00:00,825,29,magnesium before bed helped me sleep so much better,2026-06-18T23:00:00,0,demo-621
reddit,Demo r/GulfExpatHealth,AE,,https://demo.example/reddit/5,https://demo.example/reddit/5/post0,(demo) Healthy habits for busy people,2026-06-01T00:00:00,825,29,"wake up at night at 3am every day, is it normal?",2026-06-12T05:00:00,0,demo-622
reddit,Demo r/GulfExpatHealth,AE,,https://demo.example/reddit/5,https://demo.example/reddit/5/post0,(demo) Healthy habits for busy people,2026-06-01T00:00:00,825,29,النوم عندي خربان من رمضان، شلون ارجعه؟,2026-06-19T00:00:00,12,demo-623
reddit,Demo r/GulfExpatHealth,AE,,https://demo.example/reddit/5,https://demo.example/reddit/5/post0,(demo) Healthy habits for busy people,2026-06-01T00:00:00,825,29,رجيم الكيتو نفعني بس رجع الوزن,2026-06-19T04:00:00,5,demo-624
reddit,Demo r/GulfExpatHealth,AE,,https://demo.example/reddit/5,https://demo.example/reddit/5/post0,(demo) Healthy habits for busy people,2026-06-01T00:00:00,825,29,الله يعطيك العافيه,2026-06-18T09:00:00,0,demo-625
reddit,Demo r/GulfExpatHealth,AE,,https://demo.example/reddit/5,https://demo.example/reddit/5/post0,(demo) Healthy habits for busy people,2026-06-01T00:00:00,825,29,ابي انزل وزن بس ما عندي وقت للجيم، وش تنصحون؟,2026-06-08T19:00:00,0,demo-626
reddit,Demo r/GulfExpatHealth,AE,,https://demo.example/reddit/5,https://demo.example/reddit/5/post0,(demo) Healthy habits for busy people,2026-06-01T00:00:00,825,29,ابي انزل وزن بس ما عندي وقت للجيم، وش تنصحون؟,2026-06-11T19:00:00,0,demo-627
reddit,Demo r/GulfExpatHealth,AE,,https://demo.example/reddit/5,https://demo.example/reddit/5/post0,(demo) Healthy habits for busy people,2026-06-01T00:00:00,825,29,what's a good diet for more energy?,2026-06-11T01:00:00,0,demo-628
reddit,Demo r/GulfExpatHealth,AE,,https://demo.example/reddit/5,https://demo.example/reddit/5/post0,(demo) Healthy habits for busy people,2026-06-01T00:00:00,825,29,"Can't sleep since I started night shifts, any advice?",2026-06-04T16:00:00,1,demo-629
reddit,Demo r/GulfExpatHealth,AE,,https://demo.example/reddit/5,https://demo.example/reddit/5/post0,(demo) Healthy habits for busy people,2026-06-01T00:00:00,825,29,how do I build a healthy routine with long working hours?,2026-06-13T18:00:00,0,demo-630
reddit,Demo r/GulfExpatHealth,AE,,https://demo.example/reddit/5,https://demo.example/reddit/5/post0,(demo) Healthy habits for busy people,2026-06-01T00:00:00,825,29,what's a good diet for more energy?,2026-06-06T23:00:00,2,demo-631
reddit,Demo r/GulfExpatHealth,AE,,https://demo.example/reddit/5,https://demo.example/reddit/5/post0,(demo) Healthy habits for busy people,2026-06-01T00:00:00,825,29,للطلب تواصل واتساب [phone],2026-06-06T22:00:00,5,demo-632
reddit,Demo r/GulfExpatHealth,AE,,https://demo.example/reddit/5,https://demo.example/reddit/5/post0,(demo) Healthy habits for busy people,2026-06-01T00:00:00,825,29,مشكوره حبيبتي,2026-06-12T07:00:00,12,demo-633
reddit,Demo r/GulfExpatHealth,AE,,https://demo.example/reddit/5,https://demo.example/reddit/5/post1,(demo) Gut health basics,2026-06-18T00:00:00,2563,38,"bloated after every meal, is it normal?",2026-06-18T22:00:00,5,demo-634
reddit,Demo r/GulfExpatHealth,AE,,https://demo.example/reddit/5,https://demo.example/reddit/5/post1,(demo) Gut health basics,2026-06-18T00:00:00,2563,38,مشكوره حبيبتي,2026-06-19T05:00:00,5,demo-635
reddit,Demo r/GulfExpatHealth,AE,,https://demo.example/reddit/5,https://demo.example/reddit/5/post1,(demo) Gut health basics,2026-06-18T00:00:00,2563,38,مشكوره حبيبتي,2026-06-25T20:00:00,5,demo-636
reddit,Demo r/GulfExpatHealth,AE,,https://demo.example/reddit/5,https://demo.example/reddit/5/post1,(demo) Gut health basics,2026-06-18T00:00:00,2563,38,🔥🔥🔥,2026-06-28T23:00:00,0,demo-637
reddit,Demo r/GulfExpatHealth,AE,,https://demo.example/reddit/5,https://demo.example/reddit/5/post1,(demo) Gut health basics,2026-06-18T00:00:00,2563,38,القولون عندي يزيد مع التوتر، احد جرب شي نفع؟,2026-06-23T20:00:00,0,demo-638
reddit,Demo r/GulfExpatHealth,AE,,https://demo.example/reddit/5,https://demo.example/reddit/5/post1,(demo) Gut health basics,2026-06-18T00:00:00,2563,38,how do I build a healthy routine with long working hours?,2026-06-28T14:00:00,0,demo-639
reddit,Demo r/GulfExpatHealth,AE,,https://demo.example/reddit/5,https://demo.example/reddit/5/post1,(demo) Gut health basics,2026-06-18T00:00:00,2563,38,القولون العصبي تعبني، تعرفون دكتور زين في الرياض؟,2026-06-29T08:00:00,0,demo-640
reddit,Demo r/GulfExpatHealth,AE,,https://demo.example/reddit/5,https://demo.example/reddit/5/post1,(demo) Gut health basics,2026-06-18T00:00:00,2563,38,probiotics helped me with bloating honestly,2026-07-02T23:00:00,2,demo-641
reddit,Demo r/GulfExpatHealth,AE,,https://demo.example/reddit/5,https://demo.example/reddit/5/post1,(demo) Gut health basics,2026-06-18T00:00:00,2563,38,الله يعطيك العافيه,2026-06-30T11:00:00,5,demo-642
reddit,Demo r/GulfExpatHealth,AE,,https://demo.example/reddit/5,https://demo.example/reddit/5/post1,(demo) Gut health basics,2026-06-18T00:00:00,2563,38,امساك مستمر وجربت كل شي,2026-07-06T20:00:00,12,demo-643
reddit,Demo r/GulfExpatHealth,AE,,https://demo.example/reddit/5,https://demo.example/reddit/5/post1,(demo) Gut health basics,2026-06-18T00:00:00,2563,38,القولون العصبي تعبني، تعرفون دكتور زين في الرياض؟,2026-06-19T09:00:00,0,demo-644
reddit,Demo r/GulfExpatHealth,AE,,https://demo.example/reddit/5,https://demo.example/reddit/5/post1,(demo) Gut health basics,2026-06-18T00:00:00,2563,38,القولون العصبي تعبني، تعرفون دكتور زين في الرياض؟,2026-06-20T10:00:00,0,demo-645
reddit,Demo r/GulfExpatHealth,AE,,https://demo.example/reddit/5,https://demo.example/reddit/5/post1,(demo) Gut health basics,2026-06-18T00:00:00,2563,38,القولون العصبي تعبني، تعرفون دكتور زين في الرياض؟,2026-07-05T02:00:00,1,demo-646
reddit,Demo r/GulfExpatHealth,AE,,https://demo.example/reddit/5,https://demo.example/reddit/5/post1,(demo) Gut health basics,2026-06-18T00:00:00,2563,38,الله يعطيك العافيه,2026-06-18T13:00:00,12,demo-647
reddit,Demo r/GulfExpatHealth,AE,,https://demo.example/reddit/5,https://demo.example/reddit/5/post1,(demo) Gut health basics,2026-06-18T00:00:00,2563,38,"wake up at night at 3am every day, is it normal?",2026-06-23T01:00:00,0,demo-648
reddit,Demo r/GulfExpatHealth,AE,,https://demo.example/reddit/5,https://demo.example/reddit/5/post1,(demo) Gut health basics,2026-06-18T00:00:00,2563,38,حموضه وارتجاع من فتره، ايش الاكل اللي يساعد؟,2026-07-01T22:00:00,5,demo-649
reddit,Demo r/GulfExpatHealth,AE,,https://demo.example/reddit/5,https://demo.example/reddit/5/post1,(demo) Gut health basics,2026-06-18T00:00:00,2563,38,love this,2026-06-26T21:00:00,1,demo-650
reddit,Demo r/GulfExpatHealth,AE,,https://demo.example/reddit/5,https://demo.example/reddit/5/post1,(demo) Gut health basics,2026-06-18T00:00:00,2563,38,انتفاخ كل يوم بعد الاكل، وش السبب؟,2026-06-30T18:00:00,5,demo-651
reddit,Demo r/GulfExpatHealth,AE,,https://demo.example/reddit/5,https://demo.example/reddit/5/post1,(demo) Gut health basics,2026-06-18T00:00:00,2563,38,القولون عندي يزيد مع التوتر، احد جرب شي نفع؟,2026-06-18T13:00:00,0,demo-652
reddit,Demo r/GulfExpatHealth,AE,,https://demo.example/reddit/5,https://demo.example/reddit/5/post1,(demo) Gut health basics,2026-06-18T00:00:00,2563,38,مشكوره حبيبتي,2026-07-03T06:00:00,0,demo-653
reddit,Demo r/GulfExpatHealth,AE,,https://demo.example/reddit/5,https://demo.example/reddit/5/post1,(demo) Gut health basics,2026-06-18T00:00:00,2563,38,gut health is a mess since I moved to Dubai,2026-06-20T15:00:00,0,demo-654
reddit,Demo r/GulfExpatHealth,AE,,https://demo.example/reddit/5,https://demo.example/reddit/5/post1,(demo) Gut health basics,2026-06-18T00:00:00,2563,38,الله يعطيك العافيه,2026-07-03T21:00:00,1,demo-655
reddit,Demo r/GulfExpatHealth,AE,,https://demo.example/reddit/5,https://demo.example/reddit/5/post1,(demo) Gut health basics,2026-06-18T00:00:00,2563,38,خمول طول اليوم وما عندي طاقه للرياضه,2026-06-23T11:00:00,2,demo-656
reddit,Demo r/GulfExpatHealth,AE,,https://demo.example/reddit/5,https://demo.example/reddit/5/post1,(demo) Gut health basics,2026-06-18T00:00:00,2563,38,انتفاخ كل يوم بعد الاكل، وش السبب؟,2026-06-26T14:00:00,2,demo-657
reddit,Demo r/GulfExpatHealth,AE,,https://demo.example/reddit/5,https://demo.example/reddit/5/post1,(demo) Gut health basics,2026-06-18T00:00:00,2563,38,gut health is a mess since I moved to Dubai,2026-07-06T01:00:00,0,demo-658
reddit,Demo r/GulfExpatHealth,AE,,https://demo.example/reddit/5,https://demo.example/reddit/5/post1,(demo) Gut health basics,2026-06-18T00:00:00,2563,38,ابي انزل وزن بس ما عندي وقت للجيم، وش تنصحون؟,2026-06-29T17:00:00,2,demo-659
reddit,Demo r/GulfExpatHealth,AE,,https://demo.example/reddit/5,https://demo.example/reddit/5/post1,(demo) Gut health basics,2026-06-18T00:00:00,2563,38,انتفاخ كل يوم بعد الاكل، وش السبب؟,2026-06-30T16:00:00,2,demo-660
reddit,Demo r/GulfExpatHealth,AE,,https://demo.example/reddit/5,https://demo.example/reddit/5/post1,(demo) Gut health basics,2026-06-18T00:00:00,2563,38,صداع يومي بعد الدوام، هل له علاقه بالشاشه؟,2026-07-06T07:00:00,2,demo-661
reddit,Demo r/GulfExpatHealth,AE,,https://demo.example/reddit/5,https://demo.example/reddit/5/post1,(demo) Gut health basics,2026-06-18T00:00:00,2563,38,انتفاخ كل يوم بعد الاكل، وش السبب؟,2026-07-04T18:00:00,5,demo-662
reddit,Demo r/GulfExpatHealth,AE,,https://demo.example/reddit/5,https://demo.example/reddit/5/post1,(demo) Gut health basics,2026-06-18T00:00:00,2563,38,"migraines every week, tried everything",2026-06-22T03:00:00,2,demo-663
reddit,Demo r/GulfExpatHealth,AE,,https://demo.example/reddit/5,https://demo.example/reddit/5/post1,(demo) Gut health basics,2026-06-18T00:00:00,2563,38,🔥🔥🔥,2026-06-24T06:00:00,0,demo-664
reddit,Demo r/GulfExpatHealth,AE,,https://demo.example/reddit/5,https://demo.example/reddit/5/post1,(demo) Gut health basics,2026-06-18T00:00:00,2563,38,probiotics helped me with bloating honestly,2026-06-24T20:00:00,0,demo-665
reddit,Demo r/GulfExpatHealth,AE,,https://demo.example/reddit/5,https://demo.example/reddit/5/post1,(demo) Gut health basics,2026-06-18T00:00:00,2563,38,القولون العصبي تعبني، تعرفون دكتور زين في الرياض؟,2026-06-20T12:00:00,5,demo-666
reddit,Demo r/GulfExpatHealth,AE,,https://demo.example/reddit/5,https://demo.example/reddit/5/post1,(demo) Gut health basics,2026-06-18T00:00:00,2563,38,gut health is a mess since I moved to Dubai,2026-07-04T14:00:00,0,demo-667
reddit,Demo r/GulfExpatHealth,AE,,https://demo.example/reddit/5,https://demo.example/reddit/5/post1,(demo) Gut health basics,2026-06-18T00:00:00,2563,38,رجيم الكيتو نفعني بس رجع الوزن,2026-07-01T03:00:00,2,demo-668
reddit,Demo r/GulfExpatHealth,AE,,https://demo.example/reddit/5,https://demo.example/reddit/5/post1,(demo) Gut health basics,2026-06-18T00:00:00,2563,38,القولون العصبي تعبني، تعرفون دكتور زين في الرياض؟,2026-06-21T18:00:00,0,demo-669
reddit,Demo r/GulfExpatHealth,AE,,https://demo.example/reddit/5,https://demo.example/reddit/5/post1,(demo) Gut health basics,2026-06-18T00:00:00,2563,38,للطلب تواصل واتساب [phone],2026-07-01T08:00:00,2,demo-670
reddit,Demo r/GulfExpatHealth,AE,,https://demo.example/reddit/5,https://demo.example/reddit/5/post1,(demo) Gut health basics,2026-06-18T00:00:00,2563,38,امساك مستمر وجربت كل شي,2026-06-19T05:00:00,1,demo-671
reddit,Demo r/GulfExpatHealth,AE,,https://demo.example/reddit/5,https://demo.example/reddit/5/post2,(demo) Gut health basics,2026-05-19T00:00:00,3340,16,للطلب تواصل واتساب [phone],2026-05-26T01:00:00,12,demo-672
reddit,Demo r/GulfExpatHealth,AE,,https://demo.example/reddit/5,https://demo.example/reddit/5/post2,(demo) Gut health basics,2026-05-19T00:00:00,3340,16,للطلب تواصل واتساب [phone],2026-05-19T10:00:00,1,demo-673
reddit,Demo r/GulfExpatHealth,AE,,https://demo.example/reddit/5,https://demo.example/reddit/5/post2,(demo) Gut health basics,2026-05-19T00:00:00,3340,16,امساك مستمر وجربت كل شي,2026-05-22T07:00:00,0,demo-674
reddit,Demo r/GulfExpatHealth,AE,,https://demo.example/reddit/5,https://demo.example/reddit/5/post2,(demo) Gut health basics,2026-05-19T00:00:00,3340,16,الله يعطيك العافيه,2026-05-29T08:00:00,12,demo-675
reddit,Demo r/GulfExpatHealth,AE,,https://demo.example/reddit/5,https://demo.example/reddit/5/post2,(demo) Gut health basics,2026-05-19T00:00:00,3340,16,القولون العصبي تعبني، تعرفون دكتور زين في الرياض؟,2026-05-25T14:00:00,0,demo-676
reddit,Demo r/GulfExpatHealth,AE,,https://demo.example/reddit/5,https://demo.example/reddit/5/post2,(demo) Gut health basics,2026-05-19T00:00:00,3340,16,القولون عندي يزيد مع التوتر، احد جرب شي نفع؟,2026-05-20T16:00:00,0,demo-677
reddit,Demo r/GulfExpatHealth,AE,,https://demo.example/reddit/5,https://demo.example/reddit/5/post2,(demo) Gut health basics,2026-05-19T00:00:00,3340,16,probiotics helped me with bloating honestly,2026-05-23T16:00:00,5,demo-678
reddit,Demo r/GulfExpatHealth,AE,,https://demo.example/reddit/5,https://demo.example/reddit/5/post2,(demo) Gut health basics,2026-05-19T00:00:00,3340,16,حموضه وارتجاع من فتره، ايش الاكل اللي يساعد؟,2026-05-20T07:00:00,0,demo-679
reddit,Demo r/GulfExpatHealth,AE,,https://demo.example/reddit/5,https://demo.example/reddit/5/post2,(demo) Gut health basics,2026-05-19T00:00:00,3340,16,القولون عندي يزيد مع التوتر، احد جرب شي نفع؟,2026-05-25T08:00:00,1,demo-680
reddit,Demo r/GulfExpatHealth,AE,,https://demo.example/reddit/5,https://demo.example/reddit/5/post2,(demo) Gut health basics,2026-05-19T00:00:00,3340,16,القولون العصبي تعبني، تعرفون دكتور زين في الرياض؟,2026-05-19T07:00:00,1,demo-681
reddit,Demo r/GulfExpatHealth,AE,,https://demo.example/reddit/5,https://demo.example/reddit/5/post2,(demo) Gut health basics,2026-05-19T00:00:00,3340,16,"bloated after every meal, is it normal?",2026-06-03T18:00:00,5,demo-682
reddit,Demo r/GulfExpatHealth,AE,,https://demo.example/reddit/5,https://demo.example/reddit/5/post2,(demo) Gut health basics,2026-05-19T00:00:00,3340,16,gut health is a mess since I moved to Dubai,2026-05-21T09:00:00,0,demo-683
reddit,Demo r/GulfExpatHealth,AE,,https://demo.example/reddit/5,https://demo.example/reddit/5/post2,(demo) Gut health basics,2026-05-19T00:00:00,3340,16,حموضه وارتجاع من فتره، ايش الاكل اللي يساعد؟,2026-05-26T20:00:00,0,demo-684
reddit,Demo r/GulfExpatHealth,AE,,https://demo.example/reddit/5,https://demo.example/reddit/5/post2,(demo) Gut health basics,2026-05-19T00:00:00,3340,16,probiotics helped me with bloating honestly,2026-06-04T00:00:00,12,demo-685
reddit,Demo r/GulfExpatHealth,AE,,https://demo.example/reddit/5,https://demo.example/reddit/5/post2,(demo) Gut health basics,2026-05-19T00:00:00,3340,16,"bloated after every meal, is it normal?",2026-06-08T05:00:00,5,demo-686
reddit,Demo r/GulfExpatHealth,AE,,https://demo.example/reddit/5,https://demo.example/reddit/5/post2,(demo) Gut health basics,2026-05-19T00:00:00,3340,16,gut health is a mess since I moved to Dubai,2026-06-08T08:00:00,2,demo-687
reddit,Demo r/GulfExpatHealth,AE,,https://demo.example/reddit/5,https://demo.example/reddit/5/post3,(demo) Gut health basics,2026-06-14T00:00:00,3810,23,probiotics helped me with bloating honestly,2026-07-02T03:00:00,0,demo-688
reddit,Demo r/GulfExpatHealth,AE,,https://demo.example/reddit/5,https://demo.example/reddit/5/post3,(demo) Gut health basics,2026-06-14T00:00:00,3810,23,للطلب تواصل واتساب [phone],2026-07-01T20:00:00,5,demo-689
reddit,Demo r/GulfExpatHealth,AE,,https://demo.example/reddit/5,https://demo.example/reddit/5/post3,(demo) Gut health basics,2026-06-14T00:00:00,3810,23,القولون العصبي تعبني، تعرفون دكتور زين في الرياض؟,2026-06-29T02:00:00,1,demo-690
reddit,Demo r/GulfExpatHealth,AE,,https://demo.example/reddit/5,https://demo.example/reddit/5/post3,(demo) Gut health basics,2026-06-14T00:00:00,3810,23,كيف اتعامل مع التوتر؟ صار يأثر على نومي,2026-06-22T20:00:00,12,demo-691
reddit,Demo r/GulfExpatHealth,AE,,https://demo.example/reddit/5,https://demo.example/reddit/5/post3,(demo) Gut health basics,2026-06-14T00:00:00,3810,23,"bloated after every meal, is it normal?",2026-06-30T07:00:00,0,demo-692
reddit,Demo r/GulfExpatHealth,AE,,https://demo.example/reddit/5,https://demo.example/reddit/5/post3,(demo) Gut health basics,2026-06-14T00:00:00,3810,23,القولون عندي يزيد مع التوتر، احد جرب شي نفع؟,2026-06-18T23:00:00,0,demo-693
reddit,Demo r/GulfExpatHealth,AE,,https://demo.example/reddit/5,https://demo.example/reddit/5/post3,(demo) Gut health basics,2026-06-14T00:00:00,3810,23,gut health is a mess since I moved to Dubai,2026-06-22T13:00:00,2,demo-694
reddit,Demo r/GulfExpatHealth,AE,,https://demo.example/reddit/5,https://demo.example/reddit/5/post3,(demo) Gut health basics,2026-06-14T00:00:00,3810,23,حموضه وارتجاع من فتره، ايش الاكل اللي يساعد؟,2026-06-24T23:00:00,12,demo-695
reddit,Demo r/GulfExpatHealth,AE,,https://demo.example/reddit/5,https://demo.example/reddit/5/post3,(demo) Gut health basics,2026-06-14T00:00:00,3810,23,الارق ذابحني والدوام يبدا 7 الصبح,2026-06-25T16:00:00,1,demo-696
reddit,Demo r/GulfExpatHealth,AE,,https://demo.example/reddit/5,https://demo.example/reddit/5/post3,(demo) Gut health basics,2026-06-14T00:00:00,3810,23,love this,2026-06-19T09:00:00,0,demo-697
reddit,Demo r/GulfExpatHealth,AE,,https://demo.example/reddit/5,https://demo.example/reddit/5/post3,(demo) Gut health basics,2026-06-14T00:00:00,3810,23,gut health is a mess since I moved to Dubai,2026-07-01T05:00:00,12,demo-698
reddit,Demo r/GulfExpatHealth,AE,,https://demo.example/reddit/5,https://demo.example/reddit/5/post3,(demo) Gut health basics,2026-06-14T00:00:00,3810,23,"totally burned out, no motivation for anything",2026-06-25T07:00:00,12,demo-699
reddit,Demo r/GulfExpatHealth,AE,,https://demo.example/reddit/5,https://demo.example/reddit/5/post3,(demo) Gut health basics,2026-06-14T00:00:00,3810,23,القولون عندي يزيد مع التوتر، احد جرب شي نفع؟,2026-06-25T08:00:00,5,demo-700
reddit,Demo r/GulfExpatHealth,AE,,https://demo.example/reddit/5,https://demo.example/reddit/5/post3,(demo) Gut health basics,2026-06-14T00:00:00,3810,23,القولون العصبي تعبني، تعرفون دكتور زين في الرياض؟,2026-06-29T01:00:00,12,demo-701
reddit,Demo r/GulfExpatHealth,AE,,https://demo.example/reddit/5,https://demo.example/reddit/5/post3,(demo) Gut health basics,2026-06-14T00:00:00,3810,23,"migraines every week, tried everything",2026-06-16T15:00:00,0,demo-702
reddit,Demo r/GulfExpatHealth,AE,,https://demo.example/reddit/5,https://demo.example/reddit/5/post3,(demo) Gut health basics,2026-06-14T00:00:00,3810,23,probiotics helped me with bloating honestly,2026-06-30T09:00:00,2,demo-703
reddit,Demo r/GulfExpatHealth,AE,,https://demo.example/reddit/5,https://demo.example/reddit/5/post3,(demo) Gut health basics,2026-06-14T00:00:00,3810,23,🔥🔥🔥,2026-06-18T06:00:00,1,demo-704
reddit,Demo r/GulfExpatHealth,AE,,https://demo.example/reddit/5,https://demo.example/reddit/5/post3,(demo) Gut health basics,2026-06-14T00:00:00,3810,23,الله يعطيك العافيه,2026-06-18T10:00:00,12,demo-705
reddit,Demo r/GulfExpatHealth,AE,,https://demo.example/reddit/5,https://demo.example/reddit/5/post3,(demo) Gut health basics,2026-06-14T00:00:00,3810,23,الله يعطيك العافيه,2026-06-24T20:00:00,0,demo-706
reddit,Demo r/GulfExpatHealth,AE,,https://demo.example/reddit/5,https://demo.example/reddit/5/post3,(demo) Gut health basics,2026-06-14T00:00:00,3810,23,ضغط الشغل مخليني متوتره طول الوقت,2026-06-28T08:00:00,0,demo-707
reddit,Demo r/GulfExpatHealth,AE,,https://demo.example/reddit/5,https://demo.example/reddit/5/post3,(demo) Gut health basics,2026-06-14T00:00:00,3810,23,"Can't sleep since I started night shifts, any advice?",2026-06-29T02:00:00,0,demo-708
reddit,Demo r/GulfExpatHealth,AE,,https://demo.example/reddit/5,https://demo.example/reddit/5/post3,(demo) Gut health basics,2026-06-14T00:00:00,3810,23,probiotics helped me with bloating honestly,2026-06-26T13:00:00,2,demo-709
reddit,Demo r/GulfExpatHealth,AE,,https://demo.example/reddit/5,https://demo.example/reddit/5/post3,(demo) Gut health basics,2026-06-14T00:00:00,3810,23,حموضه وارتجاع من فتره، ايش الاكل اللي يساعد؟,2026-06-25T00:00:00,1,demo-710
x,Demo Muscat Wellness,OM,Muscat,https://demo.example/x/6,https://demo.example/x/6/post0,(demo) 5 tips for better sleep,2026-05-03T00:00:00,83,35,النوم عندي خربان من رمضان، شلون ارجعه؟,2026-05-12T04:00:00,0,demo-711
x,Demo Muscat Wellness,OM,Muscat,https://demo.example/x/6,https://demo.example/x/6/post0,(demo) 5 tips for better sleep,2026-05-03T00:00:00,83,35,magnesium before bed helped me sleep so much better,2026-05-08T02:00:00,0,demo-712
x,Demo Muscat Wellness,OM,Muscat,https://demo.example/x/6,https://demo.example/x/6/post0,(demo) 5 tips for better sleep,2026-05-03T00:00:00,83,35,الله يعطيك العافيه,2026-05-19T19:00:00,5,demo-713
x,Demo Muscat Wellness,OM,Muscat,https://demo.example/x/6,https://demo.example/x/6/post0,(demo) 5 tips for better sleep,2026-05-03T00:00:00,83,35,"Can't sleep since I started night shifts, any advice?",2026-05-13T15:00:00,1,demo-714
x,Demo Muscat Wellness,OM,Muscat,https://demo.example/x/6,https://demo.example/x/6/post0,(demo) 5 tips for better sleep,2026-05-03T00:00:00,83,35,"wake up at night at 3am every day, is it normal?",2026-05-03T07:00:00,0,demo-715
x,Demo Muscat Wellness,OM,Muscat,https://demo.example/x/6,https://demo.example/x/6/post0,(demo) 5 tips for better sleep,2026-05-03T00:00:00,83,35,great video!,2026-05-03T18:00:00,5,demo-716
x,Demo Muscat Wellness,OM,Muscat,https://demo.example/x/6,https://demo.example/x/6/post0,(demo) 5 tips for better sleep,2026-05-03T00:00:00,83,35,ما اقدر انام قبل الساعه 3 الفجر، كيف اعدل نومي؟,2026-05-15T20:00:00,1,demo-717
x,Demo Muscat Wellness,OM,Muscat,https://demo.example/x/6,https://demo.example/x/6/post0,(demo) 5 tips for better sleep,2026-05-03T00:00:00,83,35,"migraines every week, tried everything",2026-05-04T21:00:00,0,demo-718
x,Demo Muscat Wellness,OM,Muscat,https://demo.example/x/6,https://demo.example/x/6/post0,(demo) 5 tips for better sleep,2026-05-03T00:00:00,83,35,ماشاء الله تبارك الله 😍,2026-05-06T13:00:00,2,demo-719
x,Demo Muscat Wellness,OM,Muscat,https://demo.example/x/6,https://demo.example/x/6/post0,(demo) 5 tips for better sleep,2026-05-03T00:00:00,83,35,magnesium before bed helped me sleep so much better,2026-05-18T22:00:00,0,demo-720
x,Demo Muscat Wellness,OM,Muscat,https://demo.example/x/6,https://demo.example/x/6/post0,(demo) 5 tips for better sleep,2026-05-03T00:00:00,83,35,ما اقدر انام قبل الساعه 3 الفجر، كيف اعدل نومي؟,2026-05-12T13:00:00,12,demo-721
x,Demo Muscat Wellness,OM,Muscat,https://demo.example/x/6,https://demo.example/x/6/post0,(demo) 5 tips for better sleep,2026-05-03T00:00:00,83,35,"Always tired at work by 2pm, what should I do?",2026-05-22T19:00:00,12,demo-722
x,Demo Muscat Wellness,OM,Muscat,https://demo.example/x/6,https://demo.example/x/6/post0,(demo) 5 tips for better sleep,2026-05-03T00:00:00,83,35,اصحى بالليل اكثر من مره وما ارجع انام,2026-05-19T23:00:00,5,demo-723
x,Demo Muscat Wellness,OM,Muscat,https://demo.example/x/6,https://demo.example/x/6/post0,(demo) 5 tips for better sleep,2026-05-03T00:00:00,83,35,اصحى بالليل اكثر من مره وما ارجع انام,2026-05-18T06:00:00,5,demo-724
x,Demo Muscat Wellness,OM,Muscat,https://demo.example/x/6,https://demo.example/x/6/post0,(demo) 5 tips for better sleep,2026-05-03T00:00:00,83,35,love this,2026-05-09T11:00:00,12,demo-725
x,Demo Muscat Wellness,OM,Muscat,https://demo.example/x/6,https://demo.example/x/6/post0,(demo) 5 tips for better sleep,2026-05-03T00:00:00,83,35,ما اقدر انام قبل الساعه 3 الفجر، كيف اعدل نومي؟,2026-05-20T15:00:00,0,demo-726
x,Demo Muscat Wellness,OM,Muscat,https://demo.example/x/6,https://demo.example/x/6/post0,(demo) 5 tips for better sleep,2026-05-03T00:00:00,83,35,للطلب تواصل واتساب [phone],2026-05-10T00:00:00,0,demo-727
x,Demo Muscat Wellness,OM,Muscat,https://demo.example/x/6,https://demo.example/x/6/post0,(demo) 5 tips for better sleep,2026-05-03T00:00:00,83,35,اصحى بالليل اكثر من مره وما ارجع انام,2026-05-21T21:00:00,2,demo-728
x,Demo Muscat Wellness,OM,Muscat,https://demo.example/x/6,https://demo.example/x/6/post0,(demo) 5 tips for better sleep,2026-05-03T00:00:00,83,35,love this,2026-05-05T23:00:00,12,demo-729
x,Demo Muscat Wellness,OM,Muscat,https://demo.example/x/6,https://demo.example/x/6/post0,(demo) 5 tips for better sleep,2026-05-03T00:00:00,83,35,great video!,2026-05-17T09:00:00,1,demo-730
x,Demo Muscat Wellness,OM,Muscat,https://demo.example/x/6,https://demo.example/x/6/post0,(demo) 5 tips for better sleep,2026-05-03T00:00:00,83,35,"Can't sleep since I started night shifts, any advice?",2026-05-04T09:00:00,1,demo-731
x,Demo Muscat Wellness,OM,Muscat,https://demo.example/x/6,https://demo.example/x/6/post0,(demo) 5 tips for better sleep,2026-05-03T00:00:00,83,35,اصحى بالليل اكثر من مره وما ارجع انام,2026-05-06T01:00:00,0,demo-732
x,Demo Muscat Wellness,OM,Muscat,https://demo.example/x/6,https://demo.example/x/6/post0,(demo) 5 tips for better sleep,2026-05-03T00:00:00,83,35,"Can't sleep since I started night shifts, any advice?",2026-05-13T11:00:00,2,demo-733
x,Demo Muscat Wellness,OM,Muscat,https://demo.example/x/6,https://demo.example/x/6/post0,(demo) 5 tips for better sleep,2026-05-03T00:00:00,83,35,اصحى بالليل اكثر من مره وما ارجع انام,2026-05-14T10:00:00,0,demo-734
x,Demo Muscat Wellness,OM,Muscat,https://demo.example/x/6,https://demo.example/x/6/post0,(demo) 5 tips for better sleep,2026-05-03T00:00:00,83,35,الارق ذابحني والدوام يبدا 7 الصبح,2026-05-11T12:00:00,12,demo-735
x,Demo Muscat Wellness,OM,Muscat,https://demo.example/x/6,https://demo.example/x/6/post0,(demo) 5 tips for better sleep,2026-05-03T00:00:00,83,35,🔥🔥🔥,2026-05-06T04:00:00,12,demo-736
x,Demo Muscat Wellness,OM,Muscat,https://demo.example/x/6,https://demo.example/x/6/post0,(demo) 5 tips for better sleep,2026-05-03T00:00:00,83,35,"Can't sleep since I started night shifts, any advice?",2026-05-06T13:00:00,5,demo-737
x,Demo Muscat Wellness,OM,Muscat,https://demo.example/x/6,https://demo.example/x/6/post0,(demo) 5 tips for better sleep,2026-05-03T00:00:00,83,35,الله يعطيك العافيه,2026-05-08T19:00:00,2,demo-738
x,Demo Muscat Wellness,OM,Muscat,https://demo.example/x/6,https://demo.example/x/6/post0,(demo) 5 tips for better sleep,2026-05-03T00:00:00,83,35,احس اني مضغوط ومستنزف من الدوام، فقدت الشغف,2026-05-18T15:00:00,0,demo-739
x,Demo Muscat Wellness,OM,Muscat,https://demo.example/x/6,https://demo.example/x/6/post0,(demo) 5 tips for better sleep,2026-05-03T00:00:00,83,35,اصحى بالليل اكثر من مره وما ارجع انام,2026-05-11T20:00:00,1,demo-740
x,Demo Muscat Wellness,OM,Muscat,https://demo.example/x/6,https://demo.example/x/6/post0,(demo) 5 tips for better sleep,2026-05-03T00:00:00,83,35,عايزة اعرف ازاي ارجع طاقتي زي زمان؟ تعبت خالص,2026-05-21T23:00:00,5,demo-741
x,Demo Muscat Wellness,OM,Muscat,https://demo.example/x/6,https://demo.example/x/6/post0,(demo) 5 tips for better sleep,2026-05-03T00:00:00,83,35,للطلب تواصل واتساب [phone],2026-05-19T16:00:00,12,demo-742
x,Demo Muscat Wellness,OM,Muscat,https://demo.example/x/6,https://demo.example/x/6/post0,(demo) 5 tips for better sleep,2026-05-03T00:00:00,83,35,walking 10k steps changed my life,2026-05-10T15:00:00,1,demo-743
x,Demo Muscat Wellness,OM,Muscat,https://demo.example/x/6,https://demo.example/x/6/post0,(demo) 5 tips for better sleep,2026-05-03T00:00:00,83,35,walking 10k steps changed my life,2026-05-07T17:00:00,5,demo-744
x,Demo Muscat Wellness,OM,Muscat,https://demo.example/x/6,https://demo.example/x/6/post0,(demo) 5 tips for better sleep,2026-05-03T00:00:00,83,35,"Can't sleep since I started night shifts, any advice?",2026-05-19T15:00:00,2,demo-745
x,Demo Muscat Wellness,OM,Muscat,https://demo.example/x/6,https://demo.example/x/6/post1,(demo) Why you feel tired all the time,2026-05-10T00:00:00,4077,25,"Always tired at work by 2pm, what should I do?",2026-05-11T16:00:00,0,demo-746
x,Demo Muscat Wellness,OM,Muscat,https://demo.example/x/6,https://demo.example/x/6/post1,(demo) Why you feel tired all the time,2026-05-10T00:00:00,4077,25,صداع يومي بعد الدوام، هل له علاقه بالشاشه؟,2026-05-17T02:00:00,2,demo-747
x,Demo Muscat Wellness,OM,Muscat,https://demo.example/x/6,https://demo.example/x/6/post1,(demo) Why you feel tired all the time,2026-05-10T00:00:00,4077,25,الله يعطيك العافيه,2026-05-12T15:00:00,2,demo-748
x,Demo Muscat Wellness,OM,Muscat,https://demo.example/x/6,https://demo.example/x/6/post1,(demo) Why you feel tired all the time,2026-05-10T00:00:00,4077,25,دايما تعبانه حتى لو نمت بدري، هل هذا طبيعي؟,2026-05-30T00:00:00,0,demo-749
x,Demo Muscat Wellness,OM,Muscat,https://demo.example/x/6,https://demo.example/x/6/post1,(demo) Why you feel tired all the time,2026-05-10T00:00:00,4077,25,عايزة اعرف ازاي ارجع طاقتي زي زمان؟ تعبت خالص,2026-05-27T00:00:00,0,demo-750
x,Demo Muscat Wellness,OM,Muscat,https://demo.example/x/6,https://demo.example/x/6/post1,(demo) Why you feel tired all the time,2026-05-10T00:00:00,4077,25,@user @user,2026-05-26T17:00:00,0,demo-751
x,Demo Muscat Wellness,OM,Muscat,https://demo.example/x/6,https://demo.example/x/6/post1,(demo) Why you feel tired all the time,2026-05-10T00:00:00,4077,25,نقص فيتامين د منتشر عندنا، كم لازم اطلع للشمس؟,2026-05-21T01:00:00,0,demo-752
x,Demo Muscat Wellness,OM,Muscat,https://demo.example/x/6,https://demo.example/x/6/post1,(demo) Why you feel tired all the time,2026-05-10T00:00:00,4077,25,"low energy for months now, tried vitamins and nothing works",2026-05-29T15:00:00,12,demo-753
x,Demo Muscat Wellness,OM,Muscat,https://demo.example/x/6,https://demo.example/x/6/post1,(demo) Why you feel tired all the time,2026-05-10T00:00:00,4077,25,دايما تعبانه حتى لو نمت بدري، هل هذا طبيعي؟,2026-05-13T03:00:00,12,demo-754
x,Demo Muscat Wellness,OM,Muscat,https://demo.example/x/6,https://demo.example/x/6/post1,(demo) Why you feel tired all the time,2026-05-10T00:00:00,4077,25,"ana ta3bana wayed mn el dawam, ma fini 7eil",2026-05-30T09:00:00,5,demo-755
x,Demo Muscat Wellness,OM,Muscat,https://demo.example/x/6,https://demo.example/x/6/post1,(demo) Why you feel tired all the time,2026-05-10T00:00:00,4077,25,اصحى من النوم وانا مرهق كأني ما نمت، ليش؟,2026-05-11T05:00:00,2,demo-756
x,Demo Muscat Wellness,OM,Muscat,https://demo.example/x/6,https://demo.example/x/6/post1,(demo) Why you feel tired all the time,2026-05-10T00:00:00,4077,25,follow me for more,2026-05-13T08:00:00,5,demo-757
x,Demo Muscat Wellness,OM,Muscat,https://demo.example/x/6,https://demo.example/x/6/post1,(demo) Why you feel tired all the time,2026-05-10T00:00:00,4077,25,خمول طول اليوم وما عندي طاقه للرياضه,2026-05-16T14:00:00,0,demo-758
x,Demo Muscat Wellness,OM,Muscat,https://demo.example/x/6,https://demo.example/x/6/post1,(demo) Why you feel tired all the time,2026-05-10T00:00:00,4077,25,خمول طول اليوم وما عندي طاقه للرياضه,2026-05-11T20:00:00,12,demo-759
x,Demo Muscat Wellness,OM,Muscat,https://demo.example/x/6,https://demo.example/x/6/post1,(demo) Why you feel tired all the time,2026-05-10T00:00:00,4077,25,دايما تعبانه حتى لو نمت بدري، هل هذا طبيعي؟,2026-05-24T21:00:00,5,demo-760
x,Demo Muscat Wellness,OM,Muscat,https://demo.example/x/6,https://demo.example/x/6/post1,(demo) Why you feel tired all the time,2026-05-10T00:00:00,4077,25,دايما تعبانه حتى لو نمت بدري، هل هذا طبيعي؟,2026-05-10T16:00:00,12,demo-761
x,Demo Muscat Wellness,OM,Muscat,https://demo.example/x/6,https://demo.example/x/6/post1,(demo) Why you feel tired all the time,2026-05-10T00:00:00,4077,25,خمول طول اليوم وما عندي طاقه للرياضه,2026-05-28T15:00:00,5,demo-762
x,Demo Muscat Wellness,OM,Muscat,https://demo.example/x/6,https://demo.example/x/6/post1,(demo) Why you feel tired all the time,2026-05-10T00:00:00,4077,25,"Can't sleep since I started night shifts, any advice?",2026-05-14T03:00:00,2,demo-763
x,Demo Muscat Wellness,OM,Muscat,https://demo.example/x/6,https://demo.example/x/6/post1,(demo) Why you feel tired all the time,2026-05-10T00:00:00,4077,25,نقص فيتامين د منتشر عندنا، كم لازم اطلع للشمس؟,2026-05-26T12:00:00,2,demo-764
x,Demo Muscat Wellness,OM,Muscat,https://demo.example/x/6,https://demo.example/x/6/post1,(demo) Why you feel tired all the time,2026-05-10T00:00:00,4077,25,great video!,2026-05-18T12:00:00,1,demo-765
x,Demo Muscat Wellness,OM,Muscat,https://demo.example/x/6,https://demo.example/x/6/post1,(demo) Why you feel tired all the time,2026-05-10T00:00:00,4077,25,طاقتي تنزل بعد الغدا على طول، احد عنده نفس المشكله؟,2026-05-14T13:00:00,5,demo-766
x,Demo Muscat Wellness,OM,Muscat,https://demo.example/x/6,https://demo.example/x/6/post1,(demo) Why you feel tired all the time,2026-05-10T00:00:00,4077,25,love this,2026-05-19T22:00:00,5,demo-767
x,Demo Muscat Wellness,OM,Muscat,https://demo.example/x/6,https://demo.example/x/6/post1,(demo) Why you feel tired all the time,2026-05-10T00:00:00,4077,25,"totally burned out, no motivation for anything",2026-05-16T06:00:00,5,demo-768
x,Demo Muscat Wellness,OM,Muscat,https://demo.example/x/6,https://demo.example/x/6/post1,(demo) Why you feel tired all the time,2026-05-10T00:00:00,4077,25,"ana ta3bana wayed mn el dawam, ma fini 7eil",2026-05-14T22:00:00,12,demo-769
x,Demo Muscat Wellness,OM,Muscat,https://demo.example/x/6,https://demo.example/x/6/post1,(demo) Why you feel tired all the time,2026-05-10T00:00:00,4077,25,"ana ta3bana wayed mn el dawam, ma fini 7eil",2026-05-13T11:00:00,5,demo-770
x,Demo Muscat Wellness,OM,Muscat,https://demo.example/x/6,https://demo.example/x/6/post2,(demo) Healthy habits for busy people,2026-07-14T00:00:00,4724,45,how do I build a healthy routine with long working hours?,2026-07-31T09:00:00,2,demo-771
x,Demo Muscat Wellness,OM,Muscat,https://demo.example/x/6,https://demo.example/x/6/post2,(demo) Healthy habits for busy people,2026-07-14T00:00:00,4724,45,ابي انزل وزن بس ما عندي وقت للجيم، وش تنصحون؟,2026-07-26T04:00:00,0,demo-772
x,Demo Muscat Wellness,OM,Muscat,https://demo.example/x/6,https://demo.example/x/6/post2,(demo) Healthy habits for busy people,2026-07-14T00:00:00,4724,45,نقص فيتامين د منتشر عندنا، كم لازم اطلع للشمس؟,2026-07-19T09:00:00,12,demo-773
x,Demo Muscat Wellness,OM,Muscat,https://demo.example/x/6,https://demo.example/x/6/post2,(demo) Healthy habits for busy people,2026-07-14T00:00:00,4724,45,ابي انزل وزن بس ما عندي وقت للجيم، وش تنصحون؟,2026-07-23T06:00:00,5,demo-774
x,Demo Muscat Wellness,OM,Muscat,https://demo.example/x/6,https://demo.example/x/6/post2,(demo) Healthy habits for busy people,2026-07-14T00:00:00,4724,45,walking 10k steps changed my life,2026-07-17T19:00:00,12,demo-775
x,Demo Muscat Wellness,OM,Muscat,https://demo.example/x/6,https://demo.example/x/6/post2,(demo) Healthy habits for busy people,2026-07-14T00:00:00,4724,45,what's a good diet for more energy?,2026-08-03T17:00:00,2,demo-776
x,Demo Muscat Wellness,OM,Muscat,https://demo.example/x/6,https://demo.example/x/6/post2,(demo) Healthy habits for busy people,2026-07-14T00:00:00,4724,45,في الصيام طاقتي تنزل مره وش السبب؟,2026-07-23T22:00:00,12,demo-777
x,Demo Muscat Wellness,OM,Muscat,https://demo.example/x/6,https://demo.example/x/6/post2,(demo) Healthy habits for busy people,2026-07-14T00:00:00,4724,45,follow me for more,2026-07-27T21:00:00,1,demo-778
x,Demo Muscat Wellness,OM,Muscat,https://demo.example/x/6,https://demo.example/x/6/post2,(demo) Healthy habits for busy people,2026-07-14T00:00:00,4724,45,how do I build a healthy routine with long working hours?,2026-07-22T06:00:00,5,demo-779
x,Demo Muscat Wellness,OM,Muscat,https://demo.example/x/6,https://demo.example/x/6/post2,(demo) Healthy habits for busy people,2026-07-14T00:00:00,4724,45,للطلب تواصل واتساب [phone],2026-08-01T17:00:00,12,demo-780
x,Demo Muscat Wellness,OM,Muscat,https://demo.example/x/6,https://demo.example/x/6/post2,(demo) Healthy habits for busy people,2026-07-14T00:00:00,4724,45,how do I build a healthy routine with long working hours?,2026-07-20T09:00:00,2,demo-781
x,Demo Muscat Wellness,OM,Muscat,https://demo.example/x/6,https://demo.example/x/6/post2,(demo) Healthy habits for busy people,2026-07-14T00:00:00,4724,45,شكرا على المعلومات,2026-07-19T05:00:00,12,demo-782
x,Demo Muscat Wellness,OM,Muscat,https://demo.example/x/6,https://demo.example/x/6/post2,(demo) Healthy habits for busy people,2026-07-14T00:00:00,4724,45,ابي انزل وزن بس ما عندي وقت للجيم، وش تنصحون؟,2026-07-27T08:00:00,5,demo-783
x,Demo Muscat Wellness,OM,Muscat,https://demo.example/x/6,https://demo.example/x/6/post2,(demo) Healthy habits for busy people,2026-07-14T00:00:00,4724,45,رجيم الكيتو نفعني بس رجع الوزن,2026-07-22T00:00:00,1,demo-784
x,Demo Muscat Wellness,OM,Muscat,https://demo.example/x/6,https://demo.example/x/6/post2,(demo) Healthy habits for busy people,2026-07-14T00:00:00,4724,45,"bloated after every meal, is it normal?",2026-07-15T04:00:00,1,demo-785
x,Demo Muscat Wellness,OM,Muscat,https://demo.example/x/6,https://demo.example/x/6/post2,(demo) Healthy habits for busy people,2026-07-14T00:00:00,4724,45,how do I build a healthy routine with long working hours?,2026-08-02T21:00:00,1,demo-786
x,Demo Muscat Wellness,OM,Muscat,https://demo.example/x/6,https://demo.example/x/6/post2,(demo) Healthy habits for busy people,2026-07-14T00:00:00,4724,45,love this,2026-07-25T02:00:00,12,demo-787
x,Demo Muscat Wellness,OM,Muscat,https://demo.example/x/6,https://demo.example/x/6/post2,(demo) Healthy habits for busy people,2026-07-14T00:00:00,4724,45,what's a good diet for more energy?,2026-07-30T02:00:00,5,demo-788
x,Demo Muscat Wellness,OM,Muscat,https://demo.example/x/6,https://demo.example/x/6/post2,(demo) Healthy habits for busy people,2026-07-14T00:00:00,4724,45,رجيم الكيتو نفعني بس رجع الوزن,2026-07-26T02:00:00,1,demo-789
x,Demo Muscat Wellness,OM,Muscat,https://demo.example/x/6,https://demo.example/x/6/post2,(demo) Healthy habits for busy people,2026-07-14T00:00:00,4724,45,للطلب تواصل واتساب [phone],2026-07-24T11:00:00,1,demo-790
x,Demo Muscat Wellness,OM,Muscat,https://demo.example/x/6,https://demo.example/x/6/post2,(demo) Healthy habits for busy people,2026-07-14T00:00:00,4724,45,مشكوره حبيبتي,2026-07-30T15:00:00,5,demo-791
x,Demo Muscat Wellness,OM,Muscat,https://demo.example/x/6,https://demo.example/x/6/post2,(demo) Healthy habits for busy people,2026-07-14T00:00:00,4724,45,how do I build a healthy routine with long working hours?,2026-07-25T14:00:00,0,demo-792
x,Demo Muscat Wellness,OM,Muscat,https://demo.example/x/6,https://demo.example/x/6/post2,(demo) Healthy habits for busy people,2026-07-14T00:00:00,4724,45,رجيم الكيتو نفعني بس رجع الوزن,2026-07-21T01:00:00,12,demo-793
x,Demo Muscat Wellness,OM,Muscat,https://demo.example/x/6,https://demo.example/x/6/post2,(demo) Healthy habits for busy people,2026-07-14T00:00:00,4724,45,في الصيام طاقتي تنزل مره وش السبب؟,2026-07-17T12:00:00,1,demo-794
x,Demo Muscat Wellness,OM,Muscat,https://demo.example/x/6,https://demo.example/x/6/post2,(demo) Healthy habits for busy people,2026-07-14T00:00:00,4724,45,الم اسفل الظهر من الجلسه الطويله بالمكتب,2026-07-30T11:00:00,5,demo-795
x,Demo Muscat Wellness,OM,Muscat,https://demo.example/x/6,https://demo.example/x/6/post2,(demo) Healthy habits for busy people,2026-07-14T00:00:00,4724,45,ابي انزل وزن بس ما عندي وقت للجيم، وش تنصحون؟,2026-07-23T20:00:00,0,demo-796
x,Demo Muscat Wellness,OM,Muscat,https://demo.example/x/6,https://demo.example/x/6/post2,(demo) Healthy habits for busy people,2026-07-14T00:00:00,4724,45,ابي انزل وزن بس ما عندي وقت للجيم، وش تنصحون؟,2026-07-19T17:00:00,5,demo-797
x,Demo Muscat Wellness,OM,Muscat,https://demo.example/x/6,https://demo.example/x/6/post2,(demo) Healthy habits for busy people,2026-07-14T00:00:00,4724,45,I'm exhausted every morning even after 8 hours of sleep,2026-08-03T06:00:00,12,demo-798
x,Demo Muscat Wellness,OM,Muscat,https://demo.example/x/6,https://demo.example/x/6/post2,(demo) Healthy habits for busy people,2026-07-14T00:00:00,4724,45,great video!,2026-07-31T22:00:00,12,demo-799
x,Demo Muscat Wellness,OM,Muscat,https://demo.example/x/6,https://demo.example/x/6/post2,(demo) Healthy habits for busy people,2026-07-14T00:00:00,4724,45,القولون العصبي تعبني، تعرفون دكتور زين في الرياض؟,2026-07-18T00:00:00,2,demo-800
x,Demo Muscat Wellness,OM,Muscat,https://demo.example/x/6,https://demo.example/x/6/post2,(demo) Healthy habits for busy people,2026-07-14T00:00:00,4724,45,ابي انزل وزن بس ما عندي وقت للجيم، وش تنصحون؟,2026-07-16T01:00:00,0,demo-801
x,Demo Muscat Wellness,OM,Muscat,https://demo.example/x/6,https://demo.example/x/6/post2,(demo) Healthy habits for busy people,2026-07-14T00:00:00,4724,45,"totally burned out, no motivation for anything",2026-07-22T13:00:00,2,demo-802
x,Demo Muscat Wellness,OM,Muscat,https://demo.example/x/6,https://demo.example/x/6/post2,(demo) Healthy habits for busy people,2026-07-14T00:00:00,4724,45,probiotics helped me with bloating honestly,2026-07-24T00:00:00,2,demo-803
x,Demo Muscat Wellness,OM,Muscat,https://demo.example/x/6,https://demo.example/x/6/post2,(demo) Healthy habits for busy people,2026-07-14T00:00:00,4724,45,ابي انزل وزن بس ما عندي وقت للجيم، وش تنصحون؟,2026-08-03T23:00:00,5,demo-804
x,Demo Muscat Wellness,OM,Muscat,https://demo.example/x/6,https://demo.example/x/6/post2,(demo) Healthy habits for busy people,2026-07-14T00:00:00,4724,45,مشكوره حبيبتي,2026-07-15T22:00:00,0,demo-805
x,Demo Muscat Wellness,OM,Muscat,https://demo.example/x/6,https://demo.example/x/6/post2,(demo) Healthy habits for busy people,2026-07-14T00:00:00,4724,45,شكرا على المعلومات,2026-07-23T21:00:00,1,demo-806
x,Demo Muscat Wellness,OM,Muscat,https://demo.example/x/6,https://demo.example/x/6/post2,(demo) Healthy habits for busy people,2026-07-14T00:00:00,4724,45,في الصيام طاقتي تنزل مره وش السبب؟,2026-07-28T12:00:00,2,demo-807
x,Demo Muscat Wellness,OM,Muscat,https://demo.example/x/6,https://demo.example/x/6/post2,(demo) Healthy habits for busy people,2026-07-14T00:00:00,4724,45,what's a good diet for more energy?,2026-07-31T07:00:00,0,demo-808
x,Demo Muscat Wellness,OM,Muscat,https://demo.example/x/6,https://demo.example/x/6/post2,(demo) Healthy habits for busy people,2026-07-14T00:00:00,4724,45,في الصيام طاقتي تنزل مره وش السبب؟,2026-07-31T09:00:00,12,demo-809
x,Demo Muscat Wellness,OM,Muscat,https://demo.example/x/6,https://demo.example/x/6/post2,(demo) Healthy habits for busy people,2026-07-14T00:00:00,4724,45,في الصيام طاقتي تنزل مره وش السبب؟,2026-08-03T11:00:00,0,demo-810
x,Demo Muscat Wellness,OM,Muscat,https://demo.example/x/6,https://demo.example/x/6/post2,(demo) Healthy habits for busy people,2026-07-14T00:00:00,4724,45,🔥🔥🔥,2026-07-17T01:00:00,0,demo-811
x,Demo Muscat Wellness,OM,Muscat,https://demo.example/x/6,https://demo.example/x/6/post2,(demo) Healthy habits for busy people,2026-07-14T00:00:00,4724,45,"migraines every week, tried everything",2026-07-31T02:00:00,1,demo-812
x,Demo Muscat Wellness,OM,Muscat,https://demo.example/x/6,https://demo.example/x/6/post2,(demo) Healthy habits for busy people,2026-07-14T00:00:00,4724,45,النوم عندي خربان من رمضان، شلون ارجعه؟,2026-07-20T13:00:00,12,demo-813
x,Demo Muscat Wellness,OM,Muscat,https://demo.example/x/6,https://demo.example/x/6/post2,(demo) Healthy habits for busy people,2026-07-14T00:00:00,4724,45,what's a good diet for more energy?,2026-07-21T19:00:00,1,demo-814
x,Demo Muscat Wellness,OM,Muscat,https://demo.example/x/6,https://demo.example/x/6/post2,(demo) Healthy habits for busy people,2026-07-14T00:00:00,4724,45,how do I build a healthy routine with long working hours?,2026-08-01T01:00:00,5,demo-815
x,Demo Muscat Wellness,OM,Muscat,https://demo.example/x/6,https://demo.example/x/6/post3,(demo) Healthy habits for busy people,2026-07-22T00:00:00,4552,17,كيف اتعامل مع التوتر؟ صار يأثر على نومي,2026-07-25T06:00:00,12,demo-816
x,Demo Muscat Wellness,OM,Muscat,https://demo.example/x/6,https://demo.example/x/6/post3,(demo) Healthy habits for busy people,2026-07-22T00:00:00,4552,17,نقص فيتامين د منتشر عندنا، كم لازم اطلع للشمس؟,2026-08-02T04:00:00,12,demo-817
x,Demo Muscat Wellness,OM,Muscat,https://demo.example/x/6,https://demo.example/x/6/post3,(demo) Healthy habits for busy people,2026-07-22T00:00:00,4552,17,نقص فيتامين د منتشر عندنا، كم لازم اطلع للشمس؟,2026-08-10T02:00:00,0,demo-818
x,Demo Muscat Wellness,OM,Muscat,https://demo.example/x/6,https://demo.example/x/6/post3,(demo) Healthy habits for busy people,2026-07-22T00:00:00,4552,17,نقص فيتامين د منتشر عندنا، كم لازم اطلع للشمس؟,2026-08-10T21:00:00,1,demo-819
x,Demo Muscat Wellness,OM,Muscat,https://demo.example/x/6,https://demo.example/x/6/post3,(demo) Healthy habits for busy people,2026-07-22T00:00:00,4552,17,رجيم الكيتو نفعني بس رجع الوزن,2026-08-09T11:00:00,1,demo-820
x,Demo Muscat Wellness,OM,Muscat,https://demo.example/x/6,https://demo.example/x/6/post3,(demo) Healthy habits for busy people,2026-07-22T00:00:00,4552,17,نقص فيتامين د منتشر عندنا، كم لازم اطلع للشمس؟,2026-07-29T07:00:00,12,demo-821
x,Demo Muscat Wellness,OM,Muscat,https://demo.example/x/6,https://demo.example/x/6/post3,(demo) Healthy habits for busy people,2026-07-22T00:00:00,4552,17,نقص فيتامين د منتشر عندنا، كم لازم اطلع للشمس؟,2026-08-02T04:00:00,12,demo-822
x,Demo Muscat Wellness,OM,Muscat,https://demo.example/x/6,https://demo.example/x/6/post3,(demo) Healthy habits for busy people,2026-07-22T00:00:00,4552,17,walking 10k steps changed my life,2026-08-05T14:00:00,1,demo-823
x,Demo Muscat Wellness,OM,Muscat,https://demo.example/x/6,https://demo.example/x/6/post3,(demo) Healthy habits for busy people,2026-07-22T00:00:00,4552,17,ابي انزل وزن بس ما عندي وقت للجيم، وش تنصحون؟,2026-07-27T20:00:00,5,demo-824
x,Demo Muscat Wellness,OM,Muscat,https://demo.example/x/6,https://demo.example/x/6/post3,(demo) Healthy habits for busy people,2026-07-22T00:00:00,4552,17,🔥🔥🔥,2026-08-08T06:00:00,1,demo-825
x,Demo Muscat Wellness,OM,Muscat,https://demo.example/x/6,https://demo.example/x/6/post3,(demo) Healthy habits for busy people,2026-07-22T00:00:00,4552,17,شكرا على المعلومات,2026-07-24T00:00:00,5,demo-826
x,Demo Muscat Wellness,OM,Muscat,https://demo.example/x/6,https://demo.example/x/6/post3,(demo) Healthy habits for busy people,2026-07-22T00:00:00,4552,17,رجيم الكيتو نفعني بس رجع الوزن,2026-08-09T12:00:00,5,demo-827
x,Demo Muscat Wellness,OM,Muscat,https://demo.example/x/6,https://demo.example/x/6/post3,(demo) Healthy habits for busy people,2026-07-22T00:00:00,4552,17,love this,2026-07-30T17:00:00,5,demo-828
x,Demo Muscat Wellness,OM,Muscat,https://demo.example/x/6,https://demo.example/x/6/post3,(demo) Healthy habits for busy people,2026-07-22T00:00:00,4552,17,"bloated after every meal, is it normal?",2026-08-02T12:00:00,0,demo-829
x,Demo Muscat Wellness,OM,Muscat,https://demo.example/x/6,https://demo.example/x/6/post3,(demo) Healthy habits for busy people,2026-07-22T00:00:00,4552,17,ركبتي توجعني لما امشي، وش التمارين المناسبه؟,2026-07-26T14:00:00,5,demo-830
x,Demo Muscat Wellness,OM,Muscat,https://demo.example/x/6,https://demo.example/x/6/post3,(demo) Healthy habits for busy people,2026-07-22T00:00:00,4552,17,نقص فيتامين د منتشر عندنا، كم لازم اطلع للشمس؟,2026-08-07T00:00:00,12,demo-831
x,Demo Muscat Wellness,OM,Muscat,https://demo.example/x/6,https://demo.example/x/6/post3,(demo) Healthy habits for busy people,2026-07-22T00:00:00,4552,17,مشكوره حبيبتي,2026-07-27T16:00:00,0,demo-832
instagram,Demo Bahrain Active Life,BH,Manama,https://demo.example/instagram/7,https://demo.example/instagram/7/post0,(demo) Why you feel tired all the time,2026-05-23T00:00:00,4689,45,"lower back pain every morning, any physio recommendations in Dubai?",2026-06-07T11:00:00,0,demo-833
instagram,Demo Bahrain Active Life,BH,Manama,https://demo.example/instagram/7,https://demo.example/instagram/7/post0,(demo) Why you feel tired all the time,2026-05-23T00:00:00,4689,45,great video!,2026-05-25T08:00:00,1,demo-834
instagram,Demo Bahrain Active Life,BH,Manama,https://demo.example/instagram/7,https://demo.example/instagram/7/post0,(demo) Why you feel tired all the time,2026-05-23T00:00:00,4689,45,I'm exhausted every morning even after 8 hours of sleep,2026-06-08T11:00:00,2,demo-835
instagram,Demo Bahrain Active Life,BH,Manama,https://demo.example/instagram/7,https://demo.example/instagram/7/post0,(demo) Why you feel tired all the time,2026-05-23T00:00:00,4689,45,ماشاء الله تبارك الله 😍,2026-05-24T20:00:00,1,demo-836
instagram,Demo Bahrain Active Life,BH,Manama,https://demo.example/instagram/7,https://demo.example/instagram/7/post0,(demo) Why you feel tired all the time,2026-05-23T00:00:00,4689,45,عايزة اعرف ازاي ارجع طاقتي زي زمان؟ تعبت خالص,2026-06-12T08:00:00,12,demo-837
instagram,Demo Bahrain Active Life,BH,Manama,https://demo.example/instagram/7,https://demo.example/instagram/7/post0,(demo) Why you feel tired all the time,2026-05-23T00:00:00,4689,45,احس اني مضغوط ومستنزف من الدوام، فقدت الشغف,2026-06-04T20:00:00,2,demo-838
instagram,Demo Bahrain Active Life,BH,Manama,https://demo.example/instagram/7,https://demo.example/instagram/7/post0,(demo) Why you feel tired all the time,2026-05-23T00:00:00,4689,45,"stress at work is killing me, I can't switch off",2026-06-08T08:00:00,2,demo-839
instagram,Demo Bahrain Active Life,BH,Manama,https://demo.example/instagram/7,https://demo.example/instagram/7/post0,(demo) Why you feel tired all the time,2026-05-23T00:00:00,4689,45,"ana ta3bana wayed mn el dawam, ma fini 7eil",2026-06-03T15:00:00,2,demo-840
instagram,Demo Bahrain Active Life,BH,Manama,https://demo.example/instagram/7,https://demo.example/instagram/7/post0,(demo) Why you feel tired all the time,2026-05-23T00:00:00,4689,45,طاقتي تنزل بعد الغدا على طول، احد عنده نفس المشكله؟,2026-06-06T05:00:00,0,demo-841
instagram,Demo Bahrain Active Life,BH,Manama,https://demo.example/instagram/7,https://demo.example/instagram/7/post0,(demo) Why you feel tired all the time,2026-05-23T00:00:00,4689,45,"Always tired at work by 2pm, what should I do?",2026-05-29T04:00:00,0,demo-842
instagram,Demo Bahrain Active Life,BH,Manama,https://demo.example/instagram/7,https://demo.example/instagram/7/post0,(demo) Why you feel tired all the time,2026-05-23T00:00:00,4689,45,اصحى من النوم وانا مرهق كأني ما نمت، ليش؟,2026-05-30T13:00:00,1,demo-843
instagram,Demo Bahrain Active Life,BH,Manama,https://demo.example/instagram/7,https://demo.example/instagram/7/post0,(demo) Why you feel tired all the time,2026-05-23T00:00:00,4689,45,دايما تعبانه حتى لو نمت بدري، هل هذا طبيعي؟,2026-06-07T06:00:00,5,demo-844
instagram,Demo Bahrain Active Life,BH,Manama,https://demo.example/instagram/7,https://demo.example/instagram/7/post0,(demo) Why you feel tired all the time,2026-05-23T00:00:00,4689,45,"wake up at night at 3am every day, is it normal?",2026-05-23T07:00:00,0,demo-845
instagram,Demo Bahrain Active Life,BH,Manama,https://demo.example/instagram/7,https://demo.example/instagram/7/post0,(demo) Why you feel tired all the time,2026-05-23T00:00:00,4689,45,"Can't sleep since I started night shifts, any advice?",2026-05-27T20:00:00,5,demo-846
instagram,Demo Bahrain Active Life,BH,Manama,https://demo.example/instagram/7,https://demo.example/instagram/7/post0,(demo) Why you feel tired all the time,2026-05-23T00:00:00,4689,45,🔥🔥🔥,2026-05-24T05:00:00,1,demo-847
instagram,Demo Bahrain Active Life,BH,Manama,https://demo.example/instagram/7,https://demo.example/instagram/7/post0,(demo) Why you feel tired all the time,2026-05-23T00:00:00,4689,45,خمول طول اليوم وما عندي طاقه للرياضه,2026-06-11T18:00:00,12,demo-848
instagram,Demo Bahrain Active Life,BH,Manama,https://demo.example/instagram/7,https://demo.example/instagram/7/post0,(demo) Why you feel tired all the time,2026-05-23T00:00:00,4689,45,@user @user,2026-05-25T06:00:00,2,demo-849
instagram,Demo Bahrain Active Life,BH,Manama,https://demo.example/instagram/7,https://demo.example/instagram/7/post0,(demo) Why you feel tired all the time,2026-05-23T00:00:00,4689,45,الله يعطيك العافيه,2026-05-28T07:00:00,2,demo-850
instagram,Demo Bahrain Active Life,BH,Manama,https://demo.example/instagram/7,https://demo.example/instagram/7/post0,(demo) Why you feel tired all the time,2026-05-23T00:00:00,4689,45,"low energy for months now, tried vitamins and nothing works",2026-05-28T19:00:00,12,demo-851
instagram,Demo Bahrain Active Life,BH,Manama,https://demo.example/instagram/7,https://demo.example/instagram/7/post0,(demo) Why you feel tired all the time,2026-05-23T00:00:00,4689,45,"ana ta3bana wayed mn el dawam, ma fini 7eil",2026-06-06T19:00:00,5,demo-852
instagram,Demo Bahrain Active Life,BH,Manama,https://demo.example/instagram/7,https://demo.example/instagram/7/post0,(demo) Why you feel tired all the time,2026-05-23T00:00:00,4689,45,خمول طول اليوم وما عندي طاقه للرياضه,2026-05-27T03:00:00,0,demo-853
instagram,Demo Bahrain Active Life,BH,Manama,https://demo.example/instagram/7,https://demo.example/instagram/7/post0,(demo) Why you feel tired all the time,2026-05-23T00:00:00,4689,45,عايزة اعرف ازاي ارجع طاقتي زي زمان؟ تعبت خالص,2026-06-05T04:00:00,5,demo-854
instagram,Demo Bahrain Active Life,BH,Manama,https://demo.example/instagram/7,https://demo.example/instagram/7/post0,(demo) Why you feel tired all the time,2026-05-23T00:00:00,4689,45,"low energy for months now, tried vitamins and nothing works",2026-06-11T01:00:00,5,demo-855
instagram,Demo Bahrain Active Life,BH,Manama,https://demo.example/instagram/7,https://demo.example/instagram/7/post0,(demo) Why you feel tired all the time,2026-05-23T00:00:00,4689,45,شكرا على المعلومات,2026-06-07T21:00:00,0,demo-856
instagram,Demo Bahrain Active Life,BH,Manama,https://demo.example/instagram/7,https://demo.example/instagram/7/post0,(demo) Why you feel tired all the time,2026-05-23T00:00:00,4689,45,صار لي سنه تعبانه وما فيني حيل، وش الحل؟,2026-06-12T13:00:00,5,demo-857
instagram,Demo Bahrain Active Life,BH,Manama,https://demo.example/instagram/7,https://demo.example/instagram/7/post0,(demo) Why you feel tired all the time,2026-05-23T00:00:00,4689,45,صار لي سنه تعبانه وما فيني حيل، وش الحل؟,2026-06-08T13:00:00,0,demo-858
instagram,Demo Bahrain Active Life,BH,Manama,https://demo.example/instagram/7,https://demo.example/instagram/7/post0,(demo) Why you feel tired all the time,2026-05-23T00:00:00,4689,45,follow me for more,2026-06-03T18:00:00,12,demo-859
instagram,Demo Bahrain Active Life,BH,Manama,https://demo.example/instagram/7,https://demo.example/instagram/7/post0,(demo) Why you feel tired all the time,2026-05-23T00:00:00,4689,45,walking 10k steps changed my life,2026-05-27T08:00:00,2,demo-860
instagram,Demo Bahrain Active Life,BH,Manama,https://demo.example/instagram/7,https://demo.example/instagram/7/post0,(demo) Why you feel tired all the time,2026-05-23T00:00:00,4689,45,شكرا على المعلومات,2026-06-01T19:00:00,5,demo-861
instagram,Demo Bahrain Active Life,BH,Manama,https://demo.example/instagram/7,https://demo.example/instagram/7/post0,(demo) Why you feel tired all the time,2026-05-23T00:00:00,4689,45,صار لي سنه تعبانه وما فيني حيل، وش الحل؟,2026-05-23T18:00:00,5,demo-862
instagram,Demo Bahrain Active Life,BH,Manama,https://demo.example/instagram/7,https://demo.example/instagram/7/post0,(demo) Why you feel tired all the time,2026-05-23T00:00:00,4689,45,خمول طول اليوم وما عندي طاقه للرياضه,2026-06-12T06:00:00,12,demo-863
instagram,Demo Bahrain Active Life,BH,Manama,https://demo.example/instagram/7,https://demo.example/instagram/7/post0,(demo) Why you feel tired all the time,2026-05-23T00:00:00,4689,45,اصحى من النوم وانا مرهق كأني ما نمت، ليش؟,2026-05-27T13:00:00,12,demo-864
instagram,Demo Bahrain Active Life,BH,Manama,https://demo.example/instagram/7,https://demo.example/instagram/7/post0,(demo) Why you feel tired all the time,2026-05-23T00:00:00,4689,45,عايزة اعرف ازاي ارجع طاقتي زي زمان؟ تعبت خالص,2026-06-05T18:00:00,1,demo-865
instagram,Demo Bahrain Active Life,BH,Manama,https://demo.example/instagram/7,https://demo.example/instagram/7/post0,(demo) Why you feel tired all the time,2026-05-23T00:00:00,4689,45,خمول طول اليوم وما عندي طاقه للرياضه,2026-05-29T13:00:00,5,demo-866
instagram,Demo Bahrain Active Life,BH,Manama,https://demo.example/instagram/7,https://demo.example/instagram/7/post0,(demo) Why you feel tired all the time,2026-05-23T00:00:00,4689,45,"ana ta3bana wayed mn el dawam, ma fini 7eil",2026-06-09T17:00:00,2,demo-867
instagram,Demo Bahrain Active Life,BH,Manama,https://demo.example/instagram/7,https://demo.example/instagram/7/post0,(demo) Why you feel tired all the time,2026-05-23T00:00:00,4689,45,مشكوره حبيبتي,2026-06-03T22:00:00,2,demo-868
instagram,Demo Bahrain Active Life,BH,Manama,https://demo.example/instagram/7,https://demo.example/instagram/7/post0,(demo) Why you feel tired all the time,2026-05-23T00:00:00,4689,45,اصحى من النوم وانا مرهق كأني ما نمت، ليش؟,2026-05-30T14:00:00,12,demo-869
instagram,Demo Bahrain Active Life,BH,Manama,https://demo.example/instagram/7,https://demo.example/instagram/7/post0,(demo) Why you feel tired all the time,2026-05-23T00:00:00,4689,45,عايزة اعرف ازاي ارجع طاقتي زي زمان؟ تعبت خالص,2026-06-04T10:00:00,5,demo-870
instagram,Demo Bahrain Active Life,BH,Manama,https://demo.example/instagram/7,https://demo.example/instagram/7/post0,(demo) Why you feel tired all the time,2026-05-23T00:00:00,4689,45,شد عضلي في الرقبه والكتف من الجوال,2026-05-24T05:00:00,2,demo-871
instagram,Demo Bahrain Active Life,BH,Manama,https://demo.example/instagram/7,https://demo.example/instagram/7/post0,(demo) Why you feel tired all the time,2026-05-23T00:00:00,4689,45,اصحى من النوم وانا مرهق كأني ما نمت، ليش؟,2026-05-27T15:00:00,5,demo-872
instagram,Demo Bahrain Active Life,BH,Manama,https://demo.example/instagram/7,https://demo.example/instagram/7/post0,(demo) Why you feel tired all the time,2026-05-23T00:00:00,4689,45,"Always tired at work by 2pm, what should I do?",2026-05-30T11:00:00,0,demo-873
instagram,Demo Bahrain Active Life,BH,Manama,https://demo.example/instagram/7,https://demo.example/instagram/7/post0,(demo) Why you feel tired all the time,2026-05-23T00:00:00,4689,45,خمول طول اليوم وما عندي طاقه للرياضه,2026-06-04T19:00:00,12,demo-874
instagram,Demo Bahrain Active Life,BH,Manama,https://demo.example/instagram/7,https://demo.example/instagram/7/post0,(demo) Why you feel tired all the time,2026-05-23T00:00:00,4689,45,"low energy for months now, tried vitamins and nothing works",2026-05-24T05:00:00,12,demo-875
instagram,Demo Bahrain Active Life,BH,Manama,https://demo.example/instagram/7,https://demo.example/instagram/7/post0,(demo) Why you feel tired all the time,2026-05-23T00:00:00,4689,45,I'm exhausted every morning even after 8 hours of sleep,2026-06-08T09:00:00,0,demo-876
instagram,Demo Bahrain Active Life,BH,Manama,https://demo.example/instagram/7,https://demo.example/instagram/7/post0,(demo) Why you feel tired all the time,2026-05-23T00:00:00,4689,45,love this,2026-06-08T22:00:00,0,demo-877
instagram,Demo Bahrain Active Life,BH,Manama,https://demo.example/instagram/7,https://demo.example/instagram/7/post1,(demo) Why you feel tired all the time,2026-07-26T00:00:00,345,26,"Can't sleep since I started night shifts, any advice?",2026-07-28T08:00:00,2,demo-878
instagram,Demo Bahrain Active Life,BH,Manama,https://demo.example/instagram/7,https://demo.example/instagram/7/post1,(demo) Why you feel tired all the time,2026-07-26T00:00:00,345,26,القلق والتفكير الزايد يمنعني انام,2026-08-13T06:00:00,5,demo-879
instagram,Demo Bahrain Active Life,BH,Manama,https://demo.example/instagram/7,https://demo.example/instagram/7/post1,(demo) Why you feel tired all the time,2026-07-26T00:00:00,345,26,اصحى من النوم وانا مرهق كأني ما نمت، ليش؟,2026-07-28T17:00:00,1,demo-880
instagram,Demo Bahrain Active Life,BH,Manama,https://demo.example/instagram/7,https://demo.example/instagram/7/post1,(demo) Why you feel tired all the time,2026-07-26T00:00:00,345,26,مشكوره حبيبتي,2026-08-06T11:00:00,1,demo-881
instagram,Demo Bahrain Active Life,BH,Manama,https://demo.example/instagram/7,https://demo.example/instagram/7/post1,(demo) Why you feel tired all the time,2026-07-26T00:00:00,345,26,جربت الميلاتونين وما نفعني ابد,2026-08-09T12:00:00,5,demo-882
instagram,Demo Bahrain Active Life,BH,Manama,https://demo.example/instagram/7,https://demo.example/instagram/7/post1,(demo) Why you feel tired all the time,2026-07-26T00:00:00,345,26,خمول طول اليوم وما عندي طاقه للرياضه,2026-08-11T03:00:00,5,demo-883
instagram,Demo Bahrain Active Life,BH,Manama,https://demo.example/instagram/7,https://demo.example/instagram/7/post1,(demo) Why you feel tired all the time,2026-07-26T00:00:00,345,26,"ana ta3bana wayed mn el dawam, ma fini 7eil",2026-07-29T16:00:00,1,demo-884
instagram,Demo Bahrain Active Life,BH,Manama,https://demo.example/instagram/7,https://demo.example/instagram/7/post1,(demo) Why you feel tired all the time,2026-07-26T00:00:00,345,26,مشكوره حبيبتي,2026-08-03T22:00:00,2,demo-885
instagram,Demo Bahrain Active Life,BH,Manama,https://demo.example/instagram/7,https://demo.example/instagram/7/post1,(demo) Why you feel tired all the time,2026-07-26T00:00:00,345,26,حموضه وارتجاع من فتره، ايش الاكل اللي يساعد؟,2026-08-05T14:00:00,12,demo-886
instagram,Demo Bahrain Active Life,BH,Manama,https://demo.example/instagram/7,https://demo.example/instagram/7/post1,(demo) Why you feel tired all the time,2026-07-26T00:00:00,345,26,ماشاء الله تبارك الله 😍,2026-08-10T03:00:00,1,demo-887
instagram,Demo Bahrain Active Life,BH,Manama,https://demo.example/instagram/7,https://demo.example/instagram/7/post1,(demo) Why you feel tired all the time,2026-07-26T00:00:00,345,26,I'm exhausted every morning even after 8 hours of sleep,2026-08-02T10:00:00,2,demo-888
instagram,Demo Bahrain Active Life,BH,Manama,https://demo.example/instagram/7,https://demo.example/instagram/7/post1,(demo) Why you feel tired all the time,2026-07-26T00:00:00,345,26,صار لي سنه تعبانه وما فيني حيل، وش الحل؟,2026-08-03T07:00:00,1,demo-889
instagram,Demo Bahrain Active Life,BH,Manama,https://demo.example/instagram/7,https://demo.example/instagram/7/post1,(demo) Why you feel tired all the time,2026-07-26T00:00:00,345,26,"ana ta3bana wayed mn el dawam, ma fini 7eil",2026-07-28T17:00:00,0,demo-890
instagram,Demo Bahrain Active Life,BH,Manama,https://demo.example/instagram/7,https://demo.example/instagram/7/post1,(demo) Why you feel tired all the time,2026-07-26T00:00:00,345,26,I'm exhausted every morning even after 8 hours of sleep,2026-08-13T08:00:00,0,demo-891
instagram,Demo Bahrain Active Life,BH,Manama,https://demo.example/instagram/7,https://demo.example/instagram/7/post1,(demo) Why you feel tired all the time,2026-07-26T00:00:00,345,26,what's a good diet for more energy?,2026-08-10T23:00:00,0,demo-892
instagram,Demo Bahrain Active Life,BH,Manama,https://demo.example/instagram/7,https://demo.example/instagram/7/post1,(demo) Why you feel tired all the time,2026-07-26T00:00:00,345,26,magnesium before bed helped me sleep so much better,2026-08-01T07:00:00,0,demo-893
instagram,Demo Bahrain Active Life,BH,Manama,https://demo.example/instagram/7,https://demo.example/instagram/7/post1,(demo) Why you feel tired all the time,2026-07-26T00:00:00,345,26,للطلب تواصل واتساب [phone],2026-07-30T03:00:00,0,demo-894
instagram,Demo Bahrain Active Life,BH,Manama,https://demo.example/instagram/7,https://demo.example/instagram/7/post1,(demo) Why you feel tired all the time,2026-07-26T00:00:00,345,26,دايما تعبانه حتى لو نمت بدري، هل هذا طبيعي؟,2026-08-14T00:00:00,5,demo-895
instagram,Demo Bahrain Active Life,BH,Manama,https://demo.example/instagram/7,https://demo.example/instagram/7/post1,(demo) Why you feel tired all the time,2026-07-26T00:00:00,345,26,للطلب تواصل واتساب [phone],2026-08-14T10:00:00,2,demo-896
instagram,Demo Bahrain Active Life,BH,Manama,https://demo.example/instagram/7,https://demo.example/instagram/7/post1,(demo) Why you feel tired all the time,2026-07-26T00:00:00,345,26,الله يعطيك العافيه,2026-07-31T16:00:00,1,demo-897
instagram,Demo Bahrain Active Life,BH,Manama,https://demo.example/instagram/7,https://demo.example/instagram/7/post1,(demo) Why you feel tired all the time,2026-07-26T00:00:00,345,26,"low energy for months now, tried vitamins and nothing works",2026-07-30T01:00:00,5,demo-898
instagram,Demo Bahrain Active Life,BH,Manama,https://demo.example/instagram/7,https://demo.example/instagram/7/post1,(demo) Why you feel tired all the time,2026-07-26T00:00:00,345,26,عايزة اعرف ازاي ارجع طاقتي زي زمان؟ تعبت خالص,2026-07-27T16:00:00,1,demo-899
instagram,Demo Bahrain Active Life,BH,Manama,https://demo.example/instagram/7,https://demo.example/instagram/7/post1,(demo) Why you feel tired all the time,2026-07-26T00:00:00,345,26,🔥🔥🔥,2026-08-09T03:00:00,12,demo-900
instagram,Demo Bahrain Active Life,BH,Manama,https://demo.example/instagram/7,https://demo.example/instagram/7/post1,(demo) Why you feel tired all the time,2026-07-26T00:00:00,345,26,صار لي سنه تعبانه وما فيني حيل، وش الحل؟,2026-07-26T21:00:00,0,demo-901
instagram,Demo Bahrain Active Life,BH,Manama,https://demo.example/instagram/7,https://demo.example/instagram/7/post1,(demo) Why you feel tired all the time,2026-07-26T00:00:00,345,26,القولون عندي يزيد مع التوتر، احد جرب شي نفع؟,2026-08-06T19:00:00,1,demo-902
instagram,Demo Bahrain Active Life,BH,Manama,https://demo.example/instagram/7,https://demo.example/instagram/7/post1,(demo) Why you feel tired all the time,2026-07-26T00:00:00,345,26,I'm exhausted every morning even after 8 hours of sleep,2026-08-03T15:00:00,5,demo-903
instagram,Demo Bahrain Active Life,BH,Manama,https://demo.example/instagram/7,https://demo.example/instagram/7/post2,(demo) Gut health basics,2026-06-16T00:00:00,1556,30,القولون عندي يزيد مع التوتر، احد جرب شي نفع؟,2026-06-27T12:00:00,1,demo-904
instagram,Demo Bahrain Active Life,BH,Manama,https://demo.example/instagram/7,https://demo.example/instagram/7/post2,(demo) Gut health basics,2026-06-16T00:00:00,1556,30,"bloated after every meal, is it normal?",2026-07-04T21:00:00,0,demo-905
instagram,Demo Bahrain Active Life,BH,Manama,https://demo.example/instagram/7,https://demo.example/instagram/7/post2,(demo) Gut health basics,2026-06-16T00:00:00,1556,30,I'm exhausted every morning even after 8 hours of sleep,2026-07-03T13:00:00,2,demo-906
instagram,Demo Bahrain Active Life,BH,Manama,https://demo.example/instagram/7,https://demo.example/instagram/7/post2,(demo) Gut health basics,2026-06-16T00:00:00,1556,30,"bloated after every meal, is it normal?",2026-07-01T00:00:00,0,demo-907
instagram,Demo Bahrain Active Life,BH,Manama,https://demo.example/instagram/7,https://demo.example/instagram/7/post2,(demo) Gut health basics,2026-06-16T00:00:00,1556,30,القولون عندي يزيد مع التوتر، احد جرب شي نفع؟,2026-07-01T09:00:00,1,demo-908
instagram,Demo Bahrain Active Life,BH,Manama,https://demo.example/instagram/7,https://demo.example/instagram/7/post2,(demo) Gut health basics,2026-06-16T00:00:00,1556,30,ماشاء الله تبارك الله 😍,2026-06-28T03:00:00,12,demo-909
instagram,Demo Bahrain Active Life,BH,Manama,https://demo.example/instagram/7,https://demo.example/instagram/7/post2,(demo) Gut health basics,2026-06-16T00:00:00,1556,30,gut health is a mess since I moved to Dubai,2026-07-01T20:00:00,0,demo-910
instagram,Demo Bahrain Active Life,BH,Manama,https://demo.example/instagram/7,https://demo.example/instagram/7/post2,(demo) Gut health basics,2026-06-16T00:00:00,1556,30,gut health is a mess since I moved to Dubai,2026-06-27T11:00:00,5,demo-911
instagram,Demo Bahrain Active Life,BH,Manama,https://demo.example/instagram/7,https://demo.example/instagram/7/post2,(demo) Gut health basics,2026-06-16T00:00:00,1556,30,@user @user,2026-06-27T00:00:00,2,demo-912
instagram,Demo Bahrain Active Life,BH,Manama,https://demo.example/instagram/7,https://demo.example/instagram/7/post2,(demo) Gut health basics,2026-06-16T00:00:00,1556,30,حموضه وارتجاع من فتره، ايش الاكل اللي يساعد؟,2026-07-04T18:00:00,12,demo-913
instagram,Demo Bahrain Active Life,BH,Manama,https://demo.example/instagram/7,https://demo.example/instagram/7/post2,(demo) Gut health basics,2026-06-16T00:00:00,1556,30,gut health is a mess since I moved to Dubai,2026-06-27T10:00:00,12,demo-914
instagram,Demo Bahrain Active Life,BH,Manama,https://demo.example/instagram/7,https://demo.example/instagram/7/post2,(demo) Gut health basics,2026-06-16T00:00:00,1556,30,امساك مستمر وجربت كل شي,2026-06-18T12:00:00,5,demo-915
instagram,Demo Bahrain Active Life,BH,Manama,https://demo.example/instagram/7,https://demo.example/instagram/7/post2,(demo) Gut health basics,2026-06-16T00:00:00,1556,30,"bloated after every meal, is it normal?",2026-06-21T20:00:00,1,demo-916
instagram,Demo Bahrain Active Life,BH,Manama,https://demo.example/instagram/7,https://demo.example/instagram/7/post2,(demo) Gut health basics,2026-06-16T00:00:00,1556,30,probiotics helped me with bloating honestly,2026-06-18T02:00:00,0,demo-917
instagram,Demo Bahrain Active Life,BH,Manama,https://demo.example/instagram/7,https://demo.example/instagram/7/post2,(demo) Gut health basics,2026-06-16T00:00:00,1556,30,القولون عندي يزيد مع التوتر، احد جرب شي نفع؟,2026-07-06T09:00:00,12,demo-918
instagram,Demo Bahrain Active Life,BH,Manama,https://demo.example/instagram/7,https://demo.example/instagram/7/post2,(demo) Gut health basics,2026-06-16T00:00:00,1556,30,القلق والتفكير الزايد يمنعني انام,2026-06-24T14:00:00,1,demo-919
instagram,Demo Bahrain Active Life,BH,Manama,https://demo.example/instagram/7,https://demo.example/instagram/7/post2,(demo) Gut health basics,2026-06-16T00:00:00,1556,30,walking 10k steps changed my life,2026-06-29T05:00:00,0,demo-920
instagram,Demo Bahrain Active Life,BH,Manama,https://demo.example/instagram/7,https://demo.example/instagram/7/post2,(demo) Gut health basics,2026-06-16T00:00:00,1556,30,حموضه وارتجاع من فتره، ايش الاكل اللي يساعد؟,2026-06-24T23:00:00,12,demo-921
instagram,Demo Bahrain Active Life,BH,Manama,https://demo.example/instagram/7,https://demo.example/instagram/7/post2,(demo) Gut health basics,2026-06-16T00:00:00,1556,30,"bloated after every meal, is it normal?",2026-06-28T03:00:00,0,demo-922
instagram,Demo Bahrain Active Life,BH,Manama,https://demo.example/instagram/7,https://demo.example/instagram/7/post2,(demo) Gut health basics,2026-06-16T00:00:00,1556,30,الله يعطيك العافيه,2026-07-03T01:00:00,0,demo-923
instagram,Demo Bahrain Active Life,BH,Manama,https://demo.example/instagram/7,https://demo.example/instagram/7/post2,(demo) Gut health basics,2026-06-16T00:00:00,1556,30,القولون العصبي تعبني، تعرفون دكتور زين في الرياض؟,2026-06-19T08:00:00,5,demo-924
instagram,Demo Bahrain Active Life,BH,Manama,https://demo.example/instagram/7,https://demo.example/instagram/7/post2,(demo) Gut health basics,2026-06-16T00:00:00,1556,30,probiotics helped me with bloating honestly,2026-06-25T07:00:00,0,demo-925
instagram,Demo Bahrain Active Life,BH,Manama,https://demo.example/instagram/7,https://demo.example/instagram/7/post2,(demo) Gut health basics,2026-06-16T00:00:00,1556,30,"bloated after every meal, is it normal?",2026-06-20T16:00:00,0,demo-926
instagram,Demo Bahrain Active Life,BH,Manama,https://demo.example/instagram/7,https://demo.example/instagram/7/post2,(demo) Gut health basics,2026-06-16T00:00:00,1556,30,القولون عندي يزيد مع التوتر، احد جرب شي نفع؟,2026-06-26T15:00:00,2,demo-927
instagram,Demo Bahrain Active Life,BH,Manama,https://demo.example/instagram/7,https://demo.example/instagram/7/post2,(demo) Gut health basics,2026-06-16T00:00:00,1556,30,love this,2026-06-30T04:00:00,12,demo-928
instagram,Demo Bahrain Active Life,BH,Manama,https://demo.example/instagram/7,https://demo.example/instagram/7/post2,(demo) Gut health basics,2026-06-16T00:00:00,1556,30,امساك مستمر وجربت كل شي,2026-07-06T23:00:00,12,demo-929
instagram,Demo Bahrain Active Life,BH,Manama,https://demo.example/instagram/7,https://demo.example/instagram/7/post2,(demo) Gut health basics,2026-06-16T00:00:00,1556,30,gut health is a mess since I moved to Dubai,2026-06-27T15:00:00,5,demo-930
instagram,Demo Bahrain Active Life,BH,Manama,https://demo.example/instagram/7,https://demo.example/instagram/7/post2,(demo) Gut health basics,2026-06-16T00:00:00,1556,30,الله يعطيك العافيه,2026-06-25T11:00:00,2,demo-931
instagram,Demo Bahrain Active Life,BH,Manama,https://demo.example/instagram/7,https://demo.example/instagram/7/post2,(demo) Gut health basics,2026-06-16T00:00:00,1556,30,انتفاخ كل يوم بعد الاكل، وش السبب؟,2026-06-16T16:00:00,0,demo-932
instagram,Demo Bahrain Active Life,BH,Manama,https://demo.example/instagram/7,https://demo.example/instagram/7/post2,(demo) Gut health basics,2026-06-16T00:00:00,1556,30,انتفاخ كل يوم بعد الاكل، وش السبب؟,2026-07-01T15:00:00,1,demo-933
